timestamp,vibration_g,temperature_c,pressure_psi,maintenance_days,track_stress_index,failure_status
2026-01-01 00:00:00,1.7483570765056164,22.598573800204946,4240.95191851052,38,2.5355510104772425,0
2026-01-01 00:15:00,1.4308678494144076,26.843850634275856,4490.638953318275,135,4.738440784921084,0
2026-01-01 00:30:00,1.8238442690503462,21.66064063200031,4505.405061613334,334,8.433173111164612,1
2026-01-01 00:45:00,2.261514928204013,25.536307762887677,4641.789103753022,235,6.889663151920587,1
2026-01-01 01:00:00,1.382923312638332,12.851082664369715,4089.9424910157522,319,7.658901785613942,1
2026-01-01 01:15:00,1.3829315215254097,29.70634965898351,4677.7701821542,345,8.98329817397401,1
2026-01-01 01:30:00,2.2896064077536957,28.009643802897795,3688.6825105191674,160,5.651437952431385,0
2026-01-01 01:45:00,1.8837173645764544,21.463290951454475,4311.034634290857,38,2.8355189629871824,1
2026-01-01 02:00:00,1.265262807032524,33.27396534745924,4353.517847264537,150,5.056066995990832,1
2026-01-01 02:15:00,1.7712800217929823,35.500561101012465,4689.998047821371,308,8.610706451886847,1
2026-01-01 02:30:00,1.2682911535937689,15.139521085048207,4506.789255803061,29,1.875930351946149,0
2026-01-01 02:45:00,1.2671351232148715,21.898201771470287,4078.331083843114,144,4.435445043528788,1
2026-01-01 03:00:00,1.620981135783017,21.846861201701614,4204.5020622548955,76,3.253164887548498,0
2026-01-01 03:15:00,0.543359877671101,20.480775191129084,4559.604002864222,145,4.218964671252401,1
2026-01-01 03:30:00,0.6375410837434836,34.63579873545399,4476.279797440633,229,6.63109720340677,1
2026-01-01 03:45:00,1.2188562353795136,26.449390889817572,4326.262767109276,64,3.1147453116732726,0
2026-01-01 04:00:00,0.9935844398327881,25.883881269515115,4355.749863146406,347,8.646400889735295,1
2026-01-01 04:15:00,1.657123666297637,11.969101084745972,4708.850399147786,345,8.138917507306992,1
2026-01-01 04:30:00,1.0459879622393946,33.083344241673814,4344.692228139235,269,7.59301468092422,1
2026-01-01 04:45:00,0.7938481493323543,18.08593284117222,4473.572626791278,328,7.9481747854508535,1
2026-01-01 05:00:00,2.232824384460777,28.479461042130627,5150.980976424163,184,6.098984206251689,1
2026-01-01 05:15:00,1.387111849756732,30.219015503665535,4072.895208934823,261,7.170857856299374,1
2026-01-01 05:30:00,1.5337641023439619,38.88526876670921,3944.4471805276025,268,7.891548036269598,1
2026-01-01 05:45:00,0.7876259068932716,17.529436807047105,4735.076899439582,169,4.591488799086952,1
2026-01-01 06:00:00,1.2278086377374087,3.8439027534333974,4296.407081611769,259,5.769249139974409,0
2026-01-01 06:15:00,1.5554612948549331,29.47079635802956,4404.5287416772135,227,6.643632706316344,1
2026-01-01 06:30:00,0.9245032112888486,42.40408945208683,4265.6530865606655,33,3.1522279363733055,0
2026-01-01 06:45:00,1.687849009172836,37.9115708235155,4422.059957769747,214,6.959131962303633,1
2026-01-01 07:00:00,1.1996806550405976,29.677275322197005,4979.561433628903,50,2.9139069841582264,0
2026-01-01 07:15:00,1.3541531251033616,24.066910514943622,4740.638537585436,210,6.061337064615896,1
2026-01-01 07:30:00,1.1991466938853015,34.45698077309848,4758.667053566093,29,2.686770912592106,1
2026-01-01 07:45:00,2.426139092254469,20.21163040236425,4075.1318832622064,39,2.6792532372538647,1
2026-01-01 08:00:00,1.493251387631033,31.810862154849755,4154.653879034139,347,9.089907432021704,1
2026-01-01 08:15:00,0.9711445355220498,32.04376127333302,3648.2764021543717,100,3.9954330665419517,1
2026-01-01 08:30:00,1.9112724560515946,36.48167925999104,4257.185753675174,173,5.80694170527993,0
2026-01-01 08:45:00,0.8895781750144889,50.07728031128862,4787.010955915697,17,3.2456250421113206,1
2026-01-01 09:00:00,1.6044317975023776,31.139327737430136,4655.083954724511,56,3.4896733590470332,1
2026-01-01 09:15:00,0.5201649380601122,23.92829099434001,4433.546021114363,226,5.989607481738782,1
2026-01-01 09:30:00,0.8359069755507847,27.795405502464046,4493.309914884584,46,2.623066072663,0
2026-01-01 09:45:00,1.5984306179345618,13.847392760887054,4293.3343372273785,67,2.5632827769912185,0
2026-01-01 10:00:00,1.8692332899977053,22.442294951287536,4561.427664720535,197,5.6285058399885575,1
2026-01-01 10:15:00,1.5856841405949853,24.725740495095167,4729.7634838441845,142,4.546258318521221,1
2026-01-01 10:30:00,1.4421758588058797,23.80729281652326,4015.233963776858,323,8.214150996847827,1
2026-01-01 10:45:00,1.3494481522053556,29.218838976269776,4589.894306351204,23,2.671412211540758,0
2026-01-01 11:00:00,0.7607390048162863,21.420640540942394,4779.7304612864,94,2.9836202899104936,0
2026-01-01 11:15:00,1.1400778958026456,36.96824533859577,4375.469913310989,242,7.2144652141743535,1
2026-01-01 11:30:00,1.2696806145201063,28.001656519345577,4710.210183636175,237,6.580183530536727,1
2026-01-01 11:45:00,2.0285611131094576,27.925597430891084,5344.396333341766,54,3.2541548208855033,1
2026-01-01 12:00:00,1.6718091447842307,25.376842267896656,4468.697162103932,138,4.603795882654124,1
2026-01-01 12:15:00,0.618479922318633,29.24152547087183,4617.992115001597,333,8.232724363322355,1
2026-01-01 12:30:00,1.6620419846973975,34.60078611734108,4278.582874901583,272,7.8474198236132455,1
2026-01-01 12:45:00,1.3074588597918417,21.0629582743128,4554.375348780615,41,2.4224118062793436,0
2026-01-01 13:00:00,1.1615389998470207,22.73506808739795,4638.081487494691,98,3.628203010180635,1
2026-01-01 13:15:00,1.8058381444204339,25.570191769786682,4558.452702081041,183,5.492320475646689,1
2026-01-01 13:30:00,2.0154997612479755,17.23303261221428,4194.091404087343,128,4.315248768457713,0
2026-01-01 13:45:00,1.9656400595580994,21.445937122228017,4561.908531397635,229,6.527733635360159,1
2026-01-01 14:00:00,1.0803912383886807,24.19023301164273,4938.658781615291,317,8.024117514580755,1
2026-01-01 14:15:00,1.3453938120743927,34.99511344570182,4634.590729354358,86,3.9658170354080022,0
2026-01-01 14:30:00,1.665631715701782,30.1004906320154,4788.596156721553,256,7.322120304600377,1
2026-01-01 14:45:00,1.9877725635611796,29.548719290940355,4428.896408996212,209,6.436500084290457,1
2026-01-01 15:00:00,1.260412881077355,34.807183697343774,4724.970071827113,215,6.6413759702966315,1
2026-01-01 15:15:00,1.4071705116680915,26.901025692804826,4583.780351464958,100,3.8712650595147995,1
2026-01-01 15:30:00,0.9468325129969859,31.123718799431117,4214.72678109383,49,2.925721388178017,1
2026-01-01 15:45:00,0.9018966879596646,27.17422597654003,4595.556301439662,201,5.565637773513754,1
2026-01-01 16:00:00,1.906262911197099,30.122898795197028,4202.491000967907,258,7.4591800831577135,1
2026-01-01 16:15:00,2.1781200142854114,23.337930739107343,4310.135917534562,178,5.523189097579058,1
2026-01-01 16:30:00,1.463994939209833,8.489462733788567,4556.798492187712,245,5.96131773410942,1
2026-01-01 16:45:00,2.001766448946012,26.925766702509566,4589.173282014037,123,4.685837404228666,1
2026-01-01 17:00:00,1.680818012523817,39.381985088799524,4143.230260476861,342,9.420429165240037,1
2026-01-01 17:15:00,1.1774401226974378,35.409723217932736,4816.195731354863,171,5.664581040222384,1
2026-01-01 17:30:00,1.680697802754207,35.72317987672937,4671.6018834901415,333,9.135887606073476,1
2026-01-01 17:45:00,2.2690182832329846,37.88904577444974,4288.581469316735,136,5.558865975209012,1
2026-01-01 18:00:00,1.4820869804450243,28.7092607276915,4038.724561065247,59,3.287283611126976,0
2026-01-01 18:15:00,2.282321827907003,29.578525659244765,4456.528626275571,193,6.317756131761386,1
2026-01-01 18:30:00,0.19012744795512782,23.0587848365252,4366.216885841652,268,6.551001190283498,1
2026-01-01 18:45:00,1.910951252187612,25.4714171517836,4533.942137115907,260,7.397783551379636,1
2026-01-01 19:00:00,1.5435235341190856,32.926169198169134,4391.06500165333,95,4.238916621168172,1
2026-01-01 19:15:00,1.3504963247670663,37.63107549735053,3897.762941776497,125,5.0622667439995555,1
2026-01-01 19:30:00,1.5458803882677512,26.884429794552005,4383.495918509652,41,2.817244317371893,1
2026-01-01 19:45:00,0.5062155426995536,24.39848588118871,4408.3142666795065,254,6.542991056667111,1
2026-01-01 20:00:00,1.390164056081244,28.004223670852777,4690.098307432218,7,2.0845577008346825,0
2026-01-01 20:15:00,1.6785562857558731,32.80965399143292,4290.540097616685,216,6.587527766030226,1
2026-01-01 20:30:00,2.238947022370758,16.449161470931664,5003.60240201177,69,3.1955707006053236,0
2026-01-01 20:45:00,1.2408648908631763,9.630552374902095,3926.5078348044726,69,2.384332637548517,0
2026-01-01 21:00:00,1.0957531985534061,23.595705204067333,4893.350249340788,81,3.2249301550733898,1
2026-01-01 21:15:00,1.2491214782077318,18.23430059268673,4432.704308736568,30,1.909101122330289,0
2026-01-01 21:30:00,1.957701058851037,23.934878418821512,4757.875461703067,73,3.5953358982523027,1
2026-01-01 21:45:00,1.6643755548298422,26.817757449460228,4523.9404452176195,262,7.257900637868206,1
2026-01-01 22:00:00,1.2351198981164806,24.37401272781589,4841.866660807641,89,3.370076337915532,1
2026-01-01 22:15:00,1.756633716556678,39.61974027576596,4383.791410634157,208,6.851782746993423,1
2026-01-01 22:30:00,1.5485387746740202,30.61395811681856,4170.413872446657,213,6.39002137193048,1
2026-01-01 22:45:00,1.9843224952664447,30.40379487688663,4926.151286181319,322,8.729724101936394,1
2026-01-01 23:00:00,1.1489734530613238,32.97765715234721,4465.955806235358,266,7.486098219039027,1
2026-01-01 23:15:00,1.3361689267011159,18.889335057753847,4566.467542087264,293,7.318980371425116,1
2026-01-01 23:30:00,,,4870.425574213438,207,6.446673179133626,1
2026-01-01 23:45:00,0.7682425259339407,27.393885707716322,4190.41342737167,333,8.47323176945328,1
2026-01-02 00:00:00,1.648060138532288,33.3638449379297,4678.647269291777,77,3.693459604783202,0
2026-01-02 00:15:00,1.6305276360899446,19.425142135678755,4323.031573061133,288,7.378329930430487,1
2026-01-02 00:30:00,1.5025567283212304,,4460.349193306689,47,2.412404370987948,0
2026-01-02 00:45:00,1.3827064333124266,34.54311726420023,4521.683689615286,110,4.542931681424229,0
2026-01-02 01:00:00,0.7923146289747929,31.01127620878013,4049.933441565919,200,5.9694945213565855,1
2026-01-02 01:15:00,1.2896773386173206,20.783587565139918,4266.348887153869,210,5.9572075016923245,1
2026-01-02 01:30:00,1.3286427417366153,21.042695349802443,4905.321867723942,154,4.833487038573968,1
2026-01-02 01:45:00,1.0988613653891905,37.00347827531816,4765.857356575439,10,2.3741649885332974,0
2026-01-02 02:00:00,1.4193571441669954,18.484704857061377,4481.208126801829,353,8.390907758909119,1
2026-01-02 02:15:00,1.7020254284072691,41.141383626047705,4572.937037553868,157,5.9105645933351445,1
2026-01-02 02:30:00,2.443092950605265,20.79503412281705,4411.727248309063,261,7.101577118227196,1
2026-01-02 02:45:00,1.5872889064159195,33.107135404867066,4906.975015748395,77,3.6376254007902133,1
2026-01-02 03:00:00,1.6287751953613823,25.371052194008122,4439.8942266617505,257,7.091686973631118,1
2026-01-02 03:15:00,1.4627770421169164,32.825499448658746,4569.552627640454,131,4.903090321828228,1
2026-01-02 03:30:00,0.5406143923504793,23.647087983086458,4843.80904324262,67,2.9097142206494158,0
2026-01-02 03:45:00,1.4867430622753917,26.697656751421647,4266.788554546228,228,6.566423169480283,1
2026-01-02 04:00:00,1.5301151049705133,28.32735340316577,4967.636755349068,163,5.480369720743458,0
2026-01-02 04:15:00,2.731621056242643,19.982500353748218,4040.861577076987,15,2.427328858718066,1
2026-01-02 04:30:00,1.4038195176094388,33.92659476336101,4988.89263933384,232,6.784230521343891,1
2026-01-02 04:45:00,1.6507736711668062,23.89429146822732,4388.197324814408,195,5.83724274749525,1
2026-01-02 05:00:00,1.4826441151473784,26.171200677279852,4427.190375652415,349,9.015048989874927,1
2026-01-02 05:15:00,0.915660981190234,20.0452050031319,3932.9969486451173,30,2.0076330824238457,0
2026-01-02 05:30:00,2.0714114072575103,7.501330729637516,4363.561584786692,359,8.528686145920455,1
2026-01-02 05:45:00,1.8759665163433872,26.47177789919865,4188.058040691934,338,8.82165043019367,1
2026-01-02 06:00:00,1.8955159735215235,47.30092337290333,4317.7060963879585,331,9.797842469765309,1
2026-01-02 06:15:00,1.0453062726026305,34.27683430318419,4458.806710263336,316,8.434531016066074,1
2026-01-02 06:30:00,2.2013971554680496,27.845916962124843,4787.3374843418715,296,8.430759069433172,1
2026-01-02 06:45:00,0.7990744686038596,25.896873366333857,4562.281005420187,330,8.298599524390958,1
2026-01-02 07:00:00,1.7934285469001352,28.179727142496372,4592.302996020334,220,6.414687262799753,1
2026-01-02 07:15:00,2.595227812904989,32.37695292140168,4171.344183346331,147,5.782198518079543,1
2026-01-02 07:30:00,1.0047318374346559,18.55349747752924,4235.773773119181,259,6.436249633014585,1
2026-01-02 07:45:00,1.216851135198614,36.91457355735098,5039.617505505394,292,8.173838727903648,1
2026-01-02 08:00:00,1.5498256825438206,33.72305052352995,4279.439689571026,299,8.332912878776593,1
2026-01-02 08:15:00,1.2482621729419003,33.74548580566348,4996.8624756171885,143,5.1015783569443,1
2026-01-02 08:30:00,0.7246682844669337,31.507805910477817,4427.08164033574,235,6.613629831659504,1
2026-01-02 08:45:00,1.5342814874030137,28.15693326155192,4500.686380843052,115,4.208254707504857,1
2026-01-02 09:00:00,0.9688481431369476,33.38288988773456,4821.109548068979,90,3.9053872151577176,1
2026-01-02 09:15:00,1.7367962153175909,32.734513069931026,4881.567726581597,208,6.601508733337158,1
2026-01-02 09:30:00,1.0402878828830984,25.16767431247181,4466.7562319162735,164,5.061685271776246,1
2026-01-02 09:45:00,2.27496720250877,23.41118581682479,4383.527083943538,84,3.630364912499544,1
2026-01-02 10:00:00,1.1083733538318814,28.814850362095893,4483.223865443336,77,3.358526571489445,1
2026-01-02 10:15:00,,40.3921612119615,4601.3872584696355,161,5.6707435927368515,1
2026-01-02 10:30:00,1.906758608684835,18.087143394768795,4767.391106060926,5,1.801041912412419,1
2026-01-02 10:45:00,0.8845678417830224,16.25979787398048,4501.268957698246,78,2.571652252167477,0
2026-01-02 11:00:00,1.6137299673020646,29.318086729892133,4685.665889406946,91,3.8191220461872857,1
2026-01-02 11:15:00,2.153571377141214,28.407101614848145,4991.507919681282,87,3.9552701326337703,0
2026-01-02 11:30:00,0.6962583827193862,29.386733314963266,4614.392883679436,270,6.968161007612846,1
2026-01-02 11:45:00,1.592316929266152,29.951625583268,4593.495856801434,104,4.2117281404839515,0
2026-01-02 12:00:00,1.6299413971242118,26.21438196292156,4044.3267524729795,339,8.532046133094955,1
2026-01-02 12:15:00,1.8909114358886552,39.91890750881666,3710.780958951281,175,6.300844426750649,1
2026-01-02 12:30:00,0.881524644560959,15.192768172187876,4616.5127187690505,54,2.15254610256689,0
2026-01-02 12:45:00,0.8397716934578618,21.372023801758033,4471.552730615738,211,5.562111546747402,1
2026-01-02 13:00:00,1.7609707828084489,27.17396191880762,4345.565197525578,95,3.9170115469068354,0
2026-01-02 13:15:00,1.6484923366165931,14.854489510766662,4573.0590612559035,223,5.856082800955432,1
2026-01-02 13:30:00,1.6252464251729384,26.59316476454343,4481.8788812409275,9,2.2190434265706585,1
2026-01-02 13:45:00,1.673224104748488,41.29176132582415,4838.33407519017,53,3.9255874355503146,1
2026-01-02 14:00:00,1.1599876392107547,28.167091906367695,4525.833260477693,77,3.513740232524182,1
2026-01-02 14:15:00,1.6161268485805018,29.845607245749466,4275.92301447895,206,6.481899933997336,1
2026-01-02 14:30:00,1.6465362366493406,17.91868187861936,4797.049871687786,316,7.942078309528449,1
2026-01-02 14:45:00,1.142824290986816,23.069108735684182,4434.860677516139,302,7.664616663416329,1
2026-01-02 15:00:00,2.4328872555723784,24.998428957408503,4657.9610051016925,310,8.377373168166214,1
2026-01-02 15:15:00,1.7369164604558938,25.45827922595013,4356.77678814216,330,8.525300649785612,1
2026-01-02 15:30:00,0.9043482513986757,38.25315036003015,4305.051934350769,112,4.5683006212175705,0
2026-01-02 15:45:00,1.8282768043169149,32.461528485801,4525.250469055709,351,9.274442731838997,1
2026-01-02 16:00:00,1.0126591648863392,19.108336344503744,4503.848593063106,165,4.683378097098917,1
2026-01-02 16:15:00,1.893542301871226,29.97203822745604,4643.94811061005,279,7.8341323425409035,1
2026-01-02 16:30:00,2.079297789503702,31.98577398797428,4419.406274007078,27,2.8981981095499663,1
2026-01-02 16:45:00,1.0896588408241448,37.12119230817013,3949.0920648688807,70,3.586804122441546,1
2026-01-02 17:00:00,1.9816880646221608,40.64432549254699,4370.1678349234835,218,7.4373632506493985,1
2026-01-02 17:15:00,1.7063904634682492,19.87924646537705,4738.145540143145,189,5.3168613920343235,1
2026-01-02 17:30:00,1.911030079997245,21.513139910317292,4410.787176227068,333,8.4932931710801,1
2026-01-02 17:45:00,2.4483964913269736,17.93937712868307,4426.084979245636,306,8.118585833780664,1
2026-01-02 18:00:00,,26.127841127144148,4795.912951771781,124,4.390220119649461,0
2026-01-02 18:15:00,1.1231319178212553,31.730866995570675,4286.408031822323,19,2.3684425613114697,1
2026-01-02 18:30:00,1.0552427851872384,35.898676132712815,4037.15903452713,257,7.237816207156001,1
2026-01-02 18:45:00,1.0920948575172809,27.392391810859817,4451.810664142352,296,7.739436177875855,1
2026-01-02 19:00:00,1.461449145292948,25.441219813961247,4354.747814625379,22,2.0326891239017533,0
2026-01-02 19:15:00,1.670575987408322,29.214063937989923,4210.126104074024,40,2.945920297902412,0
2026-01-02 19:30:00,1.6383453996650095,21.318856786959817,4447.386463230393,38,2.484763657903449,1
2026-01-02 19:45:00,1.9135916245180118,44.71630977355819,4647.451694174035,48,4.068264331337774,1
2026-01-02 20:00:00,1.5065009459389536,15.13871178305553,4497.213431529655,183,4.905201993219915,0
2026-01-02 20:15:00,2.226767038578658,29.477924631165795,4592.094321805871,75,3.8322559070051465,0
2026-01-02 20:30:00,1.367671583381022,44.18884975383712,5044.022309554627,209,6.9802012857280165,0
2026-01-02 20:45:00,2.8600845832948094,28.054398756479983,4397.1363415327305,183,6.227310547012279,1
2026-01-02 21:00:00,1.812833673882503,26.479687719988043,4583.504590393401,107,4.054853205861361,1
2026-01-02 21:15:00,1.0714212217918586,25.14043661751658,4347.23599122026,188,5.380840146554185,1
2026-01-02 21:30:00,0.9645537509694438,26.55686654590074,4246.092084033908,264,7.133655983705954,1
2026-01-02 21:45:00,1.7412362076215926,38.98278779741224,4324.527703974669,86,4.39156651144836,1
2026-01-02 22:00:00,1.3882686073370745,10.305104709363945,4356.372428543494,324,7.384151063605304,1
2026-01-02 22:15:00,1.857000247046046,,4607.842739264138,331,9.464496794004683,1
2026-01-02 22:30:00,1.7366188122867725,16.60834278039884,5204.722736010227,137,4.105138191329373,0
2026-01-02 22:45:00,1.4635855436715637,25.86678136612468,4285.186969117248,346,8.768071236013585,1
2026-01-02 23:00:00,1.0766031409657975,24.566044637610705,4375.012408315361,336,8.435271143724503,1
2026-01-02 23:15:00,0.7425763876570677,32.70842615816576,4481.063096066626,95,3.953822450972989,1
2026-01-02 23:30:00,1.2767425239664894,15.21500518493002,4618.739654612924,326,7.557654845067018,1
2026-01-02 23:45:00,1.9281993971617362,31.697381328655542,4579.065243586436,245,7.327307836044541,1
2026-01-03 00:00:00,,44.194476986294816,4885.228738184435,90,4.738715062145828,1
2026-01-03 00:15:00,0.877130610644006,17.094607963257516,3772.0823788394373,59,2.329881095604665,1
2026-01-03 00:30:00,1.586590462925591,29.517649340883164,3783.9210389412983,28,2.6796095611578297,0
2026-01-03 00:45:00,1.6926586898644185,22.704142577627128,4351.236548396955,72,2.9470734320929894,0
2026-01-03 01:00:00,1.0580712818994336,31.407097649544287,4829.190056263113,270,7.1187853637561975,1
2026-01-03 01:15:00,1.576862552972764,28.153182219326016,4030.305590518321,24,2.629257404156232,1
2026-01-03 01:30:00,1.529104359223,22.868104727645523,3597.7102980918726,112,3.94115745717288,0
2026-01-03 01:45:00,0.9285148510846885,31.902978278968593,4671.353821865762,300,7.931933631232091,1
2026-01-03 02:00:00,1.6788936801741416,42.43478487829395,4573.097167110815,56,3.936764356353757,1
2026-01-03 02:15:00,1.7803922631841171,26.47276966618161,4172.937477960171,223,6.45920216750504,1
2026-01-03 02:30:00,2.0415256215876383,33.75806353718546,4204.338119783721,120,4.858644212140634,1
2026-01-03 02:45:00,2.0269010260174514,17.65381633703069,4209.076884109598,179,5.312900133449521,1
2026-01-03 03:00:00,0.8111653160214545,,4533.160595242182,288,6.9523379499134395,1
2026-01-03 03:15:00,1.0310874800424386,31.779250223043018,4312.105417145098,281,7.737389268355186,1
2026-01-03 03:30:00,1.7575176336043299,39.87292822828772,4648.219175692656,189,6.453628462368683,1
2026-01-03 03:45:00,1.7568929754561045,30.84490679028528,3643.6120011286826,66,3.4644366796226187,0
2026-01-03 04:00:00,1.757523843153024,25.495535755814764,4242.944440461661,298,7.823765356599715,1
2026-01-03 04:15:00,3.4263657453273604,27.99433124338683,4162.183811726685,249,7.754528048945819,1
2026-01-03 04:30:00,1.7854452553465836,17.99673812824226,4423.097796488252,76,3.103379237572909,1
2026-01-03 04:45:00,2.0677828200902995,32.836122610842935,4338.5856724529585,137,5.054035251126391,1
2026-01-03 05:00:00,1.9770008817466012,35.05866449858728,4739.35313396873,164,5.763550067090192,1
2026-01-03 05:15:00,1.825695625652899,24.383277337335358,3942.1989685019826,233,6.5285222168396455,1
2026-01-03 05:30:00,1.3423653776798272,24.23966281792399,4513.647442899226,255,6.975114945620218,1
2026-01-03 05:45:00,1.8794846102466338,30.127025837216387,4667.500926963512,294,8.151190377456647,1
2026-01-03 06:00:00,,24.506242111675235,5056.994230968587,170,5.227681005513303,1
2026-01-03 06:15:00,1.3815906966299956,27.47093908299342,4355.470208671957,317,8.195185810364944,1
2026-01-03 06:30:00,1.2573182260854483,44.79777431333213,4597.3375813057555,174,6.193702817226383,1
2026-01-03 06:45:00,1.5409370696931612,26.023794394032027,3958.8411622312906,345,8.856219870102437,1
2026-01-03 07:00:00,2.6573292833367543,25.13327878383022,3782.413138706093,18,2.7400089135836163,1
2026-01-03 07:15:00,0.566367403704126,22.81966555491873,4753.43231273451,70,2.8396293464728832,0
2026-01-03 07:30:00,1.8431300951872567,33.9535357719995,4498.331911905579,338,9.10614787143153,1
2026-01-03 07:45:00,0.6936420644051742,26.550206614255178,4853.553806939527,116,3.8389992427757686,1
2026-01-03 08:00:00,1.2640340671052832,22.805015693428594,4087.979133309075,80,3.210322384364826,0
2026-01-03 08:15:00,2.044475298483683,38.5704322581841,4655.970641858626,15,3.194402418711238,1
2026-01-03 08:30:00,1.5321400095477313,39.356824036109096,5060.645352163156,176,6.000628887281393,1
2026-01-03 08:45:00,0.9611276110353469,23.19661147409036,4625.91168250718,269,6.8715891175029915,1
2026-01-03 09:00:00,1.142348145370016,13.06768038911507,4582.974451677314,119,3.5633090690460785,1
2026-01-03 09:15:00,1.839798874467338,36.06010951869538,4502.566824247305,299,8.586560452196586,1
2026-01-03 09:30:00,1.1348166841414318,22.522961393919967,4028.7355628622263,188,5.395616580134364,0
2026-01-03 09:45:00,1.6082292947909875,34.32500479330215,4906.671880713105,57,3.507626315659433,1
2026-01-03 10:00:00,1.522785919951907,12.239169458305316,4316.74270805848,199,5.094559478741055,1
2026-01-03 10:15:00,1.1741998261970914,35.14077870639447,4651.344976914905,17,2.4976412729083464,0
2026-01-03 10:30:00,2.5719720446626626,18.31062456575375,4031.089708028624,288,7.816969063745647,1
2026-01-03 10:45:00,1.8169595111590056,33.846112952532195,4146.162100647666,55,3.596453185415786,1
2026-01-03 11:00:00,0.4874287066711964,28.114184542691472,4930.526219766671,269,6.847182219025505,1
2026-01-03 11:15:00,1.5932271573847139,20.368484644826843,4395.809313312647,303,7.80266085816571,1
2026-01-03 11:30:00,1.169106767615806,24.743709496585755,4935.9826428127635,87,3.575706025752044,0
2026-01-03 11:45:00,1.926216667398112,33.49054765565361,4476.530802282445,318,8.810397128613292,1
2026-01-03 12:00:00,1.1037396307836498,28.847155624921875,3947.4306681126427,29,2.506481751627515,0
2026-01-03 12:15:00,1.4426317792665504,32.67530384377987,4767.620279919516,22,2.751966422453235,1
2026-01-03 12:30:00,1.7524936394902286,43.81152467612388,4323.032304673317,321,9.242002049986045,1
2026-01-03 12:45:00,1.9328775970850607,15.48606710631159,4709.606644055113,285,7.480414174611752,1
2026-01-03 13:00:00,0.8998517964721119,40.93770059974899,4507.563260262024,48,3.489133546440948,0
2026-01-03 13:15:00,1.3327493820795258,28.834847500185703,4037.064531617139,5,2.127244942561442,0
2026-01-03 13:30:00,1.262527344419522,20.809727613414974,4549.288429611171,250,6.542046534020086,1
2026-01-03 13:45:00,1.1733353837131442,17.35749099408808,5158.86694264584,163,4.646686447651037,1
2026-01-03 14:00:00,2.382727120140548,26.487036873783733,4647.895937554338,202,6.161414441878961,1
2026-01-03 14:15:00,1.7024908554804778,35.37320089539568,4482.744674098361,101,4.677865163752938,0
2026-01-03 14:30:00,0.8695580228324774,26.979607036979726,4822.603020587069,71,3.2296927183262123,1
2026-01-03 14:45:00,1.958930973527388,40.089239441978776,4563.200539560933,163,6.1944357211901195,1
2026-01-03 15:00:00,2.5610780985063166,16.390594479587527,4562.860269078838,173,5.307036679750272,0
2026-01-03 15:15:00,2.0162326302755735,27.903288417231565,4172.5124483522695,141,4.985628553363845,1
2026-01-03 15:30:00,0.7403150170229933,17.980852444695046,4570.15440773688,138,3.8877379087089223,0
2026-01-03 15:45:00,1.2578829635668742,30.909055060999744,4810.633024925083,66,3.4499633993614176,0
2026-01-03 16:00:00,2.1334555745933113,35.0950991207784,4249.181354369993,198,6.516882477910618,1
2026-01-03 16:15:00,1.1461652671906095,24.633905650551576,4927.348746374084,328,8.231425696085353,1
2026-01-03 16:30:00,1.721909714073114,7.166289146982926,4472.488192756462,228,5.661718255645917,1
2026-01-03 16:45:00,1.8873170267146684,29.591585174371957,4233.669146538437,281,7.788573237720831,1
2026-01-03 17:00:00,1.0365347642109586,31.493908413868077,4799.289623076073,172,5.533704002776106,0
2026-01-03 17:15:00,1.4702373219691,31.234358039693582,4413.961729278519,316,8.468038722983334,1
2026-01-03 17:30:00,-0.12063367003453629,37.88625753457723,4727.854466245833,40,2.4952474768854502,0
2026-01-03 17:45:00,0.9878061793328551,19.431570562807607,4412.472410322439,7,1.4397007319966897,1
2026-01-03 18:00:00,1.3737159243034198,33.4417288436036,4482.052156941028,174,5.832391356898574,0
2026-01-03 18:15:00,0.8761084090175753,37.5400600998238,4648.068061300288,151,5.153746117261982,1
2026-01-03 18:30:00,2.3162056519658174,13.771299327947865,4587.269117277002,211,5.924454975907482,1
2026-01-03 18:45:00,0.7849293110196837,30.557214607351817,3901.3404658644786,302,7.893999798444922,1
2026-01-03 19:00:00,1.279977756651508,23.96656135193863,4163.626877971683,86,3.4131491400846232,0
2026-01-03 19:15:00,1.5653702886430456,27.34781861518683,4778.822995437245,253,7.3047984612948875,1
2026-01-03 19:30:00,2.220636644533058,30.78141186830669,4460.359023329535,21,2.7189036269355924,0
2026-01-03 19:45:00,0.7820689244102803,24.10217148709158,4342.880609168574,257,6.5839227836197125,1
2026-01-03 20:00:00,2.08158187607748,22.594335366707107,4092.4277954227578,33,2.6200065118680067,0
2026-01-03 20:15:00,,28.273219339904198,4176.079103617246,260,7.457282518404136,1
2026-01-03 20:30:00,1.0092456744760245,19.302032489097577,3893.460408011416,234,6.046689776566057,0
2026-01-03 20:45:00,1.7310517371316354,19.313398968918516,4469.61578438954,3,1.7455159371541256,0
2026-01-03 21:00:00,1.599529847786735,33.43498626365203,4320.468725825686,347,9.217977702338633,1
2026-01-03 21:15:00,1.1998915614206027,18.80964771873075,4210.023632704406,308,7.61630186836097,1
2026-01-03 21:30:00,1.5349010424950094,33.3305000072737,4479.562972449614,227,6.793103676698043,1
2026-01-03 21:45:00,1.30734320156912,31.70073034283161,4609.191189255822,284,7.857506058212554,1
2026-01-03 22:00:00,1.556758672625624,14.193546169675226,5127.959379662983,70,2.809799510182561,0
2026-01-03 22:15:00,1.8310653372605232,22.57948278131476,4046.434974131036,313,8.097989757687127,1
2026-01-03 22:30:00,2.293008408072676,37.55287522437898,4847.814312990156,364,9.962299120638413,1
2026-01-03 22:45:00,0.8810922505865755,20.15067575088255,4791.930468304521,254,6.44932767248133,1
2026-01-03 23:00:00,2.566516687328133,24.2847659015249,4266.27217818699,144,5.261057144849615,1
2026-01-03 23:15:00,0.5239561002387491,31.696487146015173,4560.970786375809,24,2.1917407380183374,1
2026-01-03 23:30:00,1.4241074524822084,34.267124074260764,4362.710025198716,234,6.996390873745252,1
2026-01-03 23:45:00,1.7941586032422883,25.987688911644035,4555.706574125622,333,8.556473843877855,1
2026-01-04 00:00:00,1.6404959338675162,23.219918442466867,4952.739304021366,175,5.213213562222697,1
2026-01-04 00:15:00,1.1886502400897032,39.37895889358806,4681.681869789394,332,9.214444624245584,1
2026-01-04 00:30:00,1.3959388748213624,41.91119731038063,4652.582511970033,325,9.223088753712505,1
2026-01-04 00:45:00,1.2534995326705836,35.83086440625436,4370.907204013607,357,9.467839546384793,1
2026-01-04 01:00:00,1.2053176215278942,28.682545140520194,4054.7830005226997,159,4.864076979206338,1
2026-01-04 01:15:00,1.9248010485105123,21.53387422687259,4437.459536837878,348,8.751324843604165,1
2026-01-04 01:30:00,1.6785077429825237,21.356444747547478,4861.982446459175,348,8.759906734879053,1
2026-01-04 01:45:00,1.1535452023696728,32.18011284212606,4041.8496430231057,286,7.645517172262073,1
2026-01-04 02:00:00,1.9497999377166253,31.34718576710947,4183.473189546991,18,2.6718907244512637,0
2026-01-04 02:15:00,1.6536497604383047,39.21278874357144,4537.88032087022,44,3.5787647124158255,0
2026-01-04 02:30:00,1.90643105941948,33.20360074028911,4204.603564545821,155,5.371638589447768,1
2026-01-04 02:45:00,1.814814420961806,15.975357585921456,4262.242965865436,355,8.456764988985917,1
2026-01-04 03:00:00,1.085502494538964,36.41558094178335,4372.920425481547,231,6.725597233280335,1
2026-01-04 03:15:00,1.2199094799015153,20.015514981484696,4090.3147787429552,316,7.8421880621959925,1
2026-01-04 03:30:00,1.8736468025616309,24.928229824381187,4207.76344613509,225,6.440170359357421,1
2026-01-04 03:45:00,1.8051851327167325,30.001601650013555,4711.028375036192,217,6.649958998233682,1
2026-01-04 04:00:00,1.489549203017926,43.96533991827172,4107.78906533071,56,3.926188515644218,0
2026-01-04 04:15:00,1.558663691654391,52.87934844804289,4020.638359651549,31,4.075486370857705,0
2026-01-04 04:30:00,2.1388324478942122,32.85378447308946,4310.992506139832,357,9.514473982987225,1
2026-01-04 04:45:00,,26.534427050236896,4719.586650752954,59,3.0215842452555886,1
2026-01-04 05:00:00,1.7735486905850188,32.2760451878444,4440.923457600933,353,9.303700258523763,1
2026-01-04 05:15:00,1.398903673783053,35.10124340699069,4360.625676565314,235,7.074644909777559,1
2026-01-04 05:30:00,1.39115939838639,25.434658995542467,4513.307639254682,107,3.9801902981589636,1
2026-01-04 05:45:00,2.049388425993595,42.361690847298576,3976.2877701421044,191,6.658527830380329,1
2026-01-04 06:00:00,1.9127081744940149,29.840566073531217,4648.41169613251,18,2.601396348863279,1
2026-01-04 06:15:00,1.9067548180003193,31.981944712731153,4615.0305094210935,226,6.88910897055785,1
2026-01-04 06:30:00,2.1527394035771645,33.32739401643569,4377.207457771284,167,5.807534568253128,1
2026-01-04 06:45:00,1.5105019208163795,31.372692884915644,4801.777353538925,71,3.665552134070692,0
2026-01-04 07:00:00,1.840976485647482,34.7115240037569,4161.751170314088,362,9.608857532779947,1
2026-01-04 07:15:00,1.344866621703272,23.061974507624615,4838.37269797607,54,2.980146229865856,0
2026-01-04 07:30:00,1.662083176244221,23.533585968431755,4546.348099678576,245,6.836881598981962,1
2026-01-04 07:45:00,1.4349284728161578,19.19876613622644,4399.034223036548,350,8.568783807843138,1
2026-01-04 08:00:00,1.5484979824963592,31.51600984496181,4494.037909389506,76,3.9997311127163533,0
2026-01-04 08:15:00,1.7975785127184567,34.23149202809691,4467.8205702567175,35,3.099676123902902,1
2026-01-04 08:30:00,1.0908896583832637,31.662182929215085,4866.084868925315,267,7.420602596570494,1
2026-01-04 08:45:00,2.5461936378427303,41.3959394667803,4176.996261758696,317,9.450542474836029,1
2026-01-04 09:00:00,0.996991309250149,27.955231849367628,4271.2442282560205,300,7.8763048854892235,1
2026-01-04 09:15:00,0.8929056936061339,33.3499332447401,4810.890867621744,121,4.59427057638612,1
2026-01-04 09:30:00,2.079055436750034,19.266392990885485,4321.339519444842,324,8.329836761905424,1
2026-01-04 09:45:00,1.8958313469814678,24.903202380204792,4770.159923199478,25,2.6076720473343467,0
2026-01-04 10:00:00,1.8120599085260776,33.56430206052622,5009.830794902613,160,5.548000267402083,1
2026-01-04 10:15:00,1.81417275463214,34.79281688594515,4379.46149191751,84,4.1246949313037335,1
2026-01-04 10:30:00,1.4938766135765427,25.64826441868654,4704.408697972592,114,4.323792622391245,0
2026-01-04 10:45:00,1.0513728142570842,27.427205985135465,4153.892315598043,223,6.311595041312542,1
2026-01-04 11:00:00,1.5379022790968633,15.857010026553525,4726.419989420343,166,4.752843777452242,1
2026-01-04 11:15:00,1.161419144243944,25.143766393547125,4559.8271957960305,191,5.466431556466582,1
2026-01-04 11:30:00,1.9875598667088756,35.12306530815829,4641.911484648064,175,6.147836820204961,1
2026-01-04 11:45:00,,32.60164012885253,4306.328378389381,1,2.142523988043953,1
2026-01-04 12:00:00,1.0872514016037442,32.00532577104968,4001.674975329848,229,6.50755026361697,1
2026-01-04 12:15:00,1.3393070791735033,28.39818949744768,4650.975619424851,86,3.6871248816446776,1
2026-01-04 12:30:00,1.706465727137812,28.05650526902541,3880.9790542561636,62,3.0851623009535265,0
2026-01-04 12:45:00,1.2181377235980126,22.717430884212423,4404.79485232724,320,8.084234305286925,1
2026-01-04 13:00:00,1.0888898022167843,33.59062736162028,4782.3545599259905,206,6.2727817086418565,1
2026-01-04 13:15:00,1.6218436057459562,31.367783555115118,4557.569320761911,105,4.281846264190552,0
2026-01-04 13:30:00,1.6224832855543614,31.936150783942395,5084.502793436944,318,8.579589037562862,1
2026-01-04 13:45:00,1.2465284123144351,23.791721258659358,4807.532745774532,291,7.496265337392102,1
2026-01-04 14:00:00,1.2644808471908386,10.773256641030045,4303.830483502327,250,5.965542433173104,1
2026-01-04 14:15:00,,36.77722169402956,4508.194013955432,13,2.763728334922835,1
2026-01-04 14:30:00,0.7759578292513379,24.169300351932765,4485.788789236669,163,4.753908656258623,1
2026-01-04 14:45:00,0.7962681128117224,21.097793887655037,4025.346970996162,43,2.2446421548363027,0
2026-01-04 15:00:00,1.140777889373782,33.54783129531195,4217.880325054694,111,4.338129861981637,1
2026-01-04 15:15:00,,24.863898880646964,4331.771727906042,205,5.865252646440854,1
2026-01-04 15:30:00,1.6554537827990023,36.47949107237297,3889.133849143219,256,7.634005329082013,1
2026-01-04 15:45:00,2.237678108474776,32.93604759661358,4514.248040475493,307,8.75998360751374,1
2026-01-04 16:00:00,1.9288298116010096,33.46855458560382,4425.278446604088,144,5.272482739403805,1
2026-01-04 16:15:00,1.4200307350182864,17.072354310395724,3998.131829606528,146,4.381177338691697,0
2026-01-04 16:30:00,1.4904918960486555,37.695551883091206,4621.2638595831995,301,8.552917393625442,1
2026-01-04 16:45:00,0.9987353176810956,30.090004249870848,4714.761823407288,164,5.055607951365324,0
2026-01-04 17:00:00,1.490743432003805,25.045782886030374,4568.110343659467,169,5.326240964618422,1
2026-01-04 17:15:00,1.3556706805399308,29.147107738738008,4402.779547437309,298,8.165268792218471,1
2026-01-04 17:30:00,1.6613592801690447,13.79011813681344,4677.432645525557,233,6.005240049842035,0
2026-01-04 17:45:00,1.0863845282238385,31.269222491845365,4704.066108143007,271,7.400895395011401,1
2026-01-04 18:00:00,1.7596732571205862,19.765027934543426,4592.221070915906,60,2.8708200834158712,0
2026-01-04 18:15:00,2.266369456501289,17.178637713251725,4252.616324869572,296,7.747540243743032,1
2026-01-04 18:30:00,1.4456199257715712,15.821126510256871,4582.980229653354,235,6.120382148486454,1
2026-01-04 18:45:00,1.7008558610494706,36.901506999919405,4858.644195247643,165,5.666351574183673,1
2026-01-04 19:00:00,1.8450719958555561,22.965892850457692,4321.011282416481,194,5.679711335841691,1
2026-01-04 19:15:00,1.299389764057082,40.269821679332,5129.38180173973,234,7.2639782745786015,1
2026-01-04 19:30:00,1.6120462409052083,23.713588295581616,4342.3107198043845,183,5.475995734153189,1
2026-01-04 19:45:00,1.5062962003908975,14.341136339256426,4509.722104002041,333,7.862963506395229,1
2026-01-04 20:00:00,1.5488380492744158,19.06780448041073,4298.254321198099,232,6.3629514617591045,1
2026-01-04 20:15:00,1.1134951080722668,37.886492960055506,4566.981250776078,361,9.479751364605884,1
2026-01-04 20:30:00,1.5122550871294713,26.75281457650666,3977.3334922094173,107,4.086120475876815,0
2026-01-04 20:45:00,1.748999145622725,23.61370162807519,4336.187460354984,223,6.323132828509952,1
2026-01-04 21:00:00,,29.2801458068223,4172.3636398954295,80,3.846367131805068,0
2026-01-04 21:15:00,1.9796354130426035,32.01426188934036,4540.601504367687,234,7.091062739902103,1
2026-01-04 21:30:00,2.5765912287557784,36.93919052721969,4798.334212652672,184,6.596806706213238,1
2026-01-04 21:45:00,1.1163262185559752,39.58799383914341,4693.801856134365,185,6.079162576196597,1
2026-01-04 22:00:00,1.936160318360339,25.121850833687315,3788.5021917423323,134,4.676937442589554,1
2026-01-04 22:15:00,1.5916710028691758,17.391618511343694,5112.6208958783645,220,5.966298030991116,1
2026-01-04 22:30:00,2.594901466608836,24.692278711013792,4588.58398218626,288,7.835060695627885,1
2026-01-04 22:45:00,1.0958508573224242,30.08224405266309,4267.0502578521,364,9.137952160537353,1
2026-01-04 23:00:00,1.080139078909612,20.289928590315114,4547.138375697282,202,5.507895550732838,1
2026-01-04 23:15:00,1.200303677277989,20.342792680839658,4552.856946750808,146,4.364587232254167,1
2026-01-04 23:30:00,0.43805213784509656,30.750303052399083,4299.945384914531,324,8.138633101385048,1
2026-01-04 23:45:00,1.2371224891596195,27.61078118743639,4559.375000202623,127,4.505557309655284,1
2026-01-05 00:00:00,1.120433669223151,28.26237596329269,4317.758313713908,135,4.497959837650127,1
2026-01-05 00:15:00,1.5751968932381037,21.932037322399445,4378.691402192993,114,4.204598448526596,1
2026-01-05 00:30:00,1.6708779878885798,26.15679428635386,4294.1162592734745,264,7.080739651684233,1
2026-01-05 00:45:00,2.438085419607943,20.606134845853564,4070.1986130781042,64,3.064341526813649,1
2026-01-05 01:00:00,1.975211919093025,35.12158728899829,4543.750941064615,135,5.33405774823397,1
2026-01-05 01:15:00,1.2115481721687984,36.281994677790024,4675.589830954901,41,3.020323876819816,1
2026-01-05 01:30:00,1.050792664325821,13.23049710209525,4654.465078822912,296,6.905134562007791,1
2026-01-05 01:45:00,1.7459595857532528,20.563913118460718,4745.97757579057,3,1.8850528176063048,0
2026-01-05 02:00:00,0.8398833964896789,16.027765959279368,4597.30206300446,194,4.967614797955194,0
2026-01-05 02:15:00,2.415729382927177,22.799808524744815,4340.182350534929,110,4.3973183609946025,1
2026-01-05 02:30:00,,27.332496241677113,4751.899159329357,221,6.561471641952867,1
2026-01-05 02:45:00,1.2654121739476476,16.40283824241176,4092.7447380474196,4,1.4425599338971777,0
2026-01-05 03:00:00,0.6434327354545613,20.625121494997494,4229.798585246256,244,6.117486920933857,1
2026-01-05 03:15:00,2.176936187082706,19.96834102334801,4210.739978573027,166,5.097210298413454,1
2026-01-05 03:30:00,1.442730077373691,29.658138635191552,4824.016817741793,26,2.7530590984625256,1
2026-01-05 03:45:00,2.118908155986731,28.554754696290004,4782.836554242022,17,2.726947214845175,0
2026-01-05 04:00:00,0.7027861706028165,22.226099573301973,4646.191571113499,216,5.639755378612957,1
2026-01-05 04:15:00,1.2003124885231136,29.414566977115182,4821.578959563539,92,3.773013740583561,1
2026-01-05 04:30:00,1.5026218498590915,23.626559323301876,4236.215165276403,31,2.5499993859498584,0
2026-01-05 04:45:00,1.523490296882371,25.826759117391575,4604.578535958294,205,5.901912033116374,1
2026-01-05 05:00:00,1.2749672642603782,41.387616722388294,4462.447671485051,207,6.625956938142758,1
2026-01-05 05:15:00,1.8114249661737494,38.72368841432278,4754.064631165475,107,4.847760454416125,1
2026-01-05 05:30:00,0.9661897853087028,17.60335010457922,4465.432730234341,146,4.4136928753785645,1
2026-01-05 05:45:00,1.4288102574893533,34.6378593430334,4384.517133476976,101,4.328800225334157,1
2026-01-05 06:00:00,1.5601478158559494,34.49117243593274,4662.272555568297,318,8.813598872087688,1
2026-01-05 06:15:00,1.7572194170293745,18.813893689979054,4762.8507501573695,241,6.361838475681837,1
2026-01-05 06:30:00,1.8558074390444448,34.55022115003889,4299.49644154596,247,7.445939267313325,1
2026-01-05 06:45:00,0.9376789540810654,40.30345534730042,4481.677298594287,163,5.614282877812291,0
2026-01-05 07:00:00,0.7329429146321889,19.01964155004469,4182.4678099075045,173,4.890821751217785,1
2026-01-05 07:15:00,2.1388384109492544,20.659977431885892,3750.581694752118,35,2.7484033204153095,1
2026-01-05 07:30:00,1.6661570059897959,36.14129173474802,4560.137889424119,284,8.381469062818455,1
2026-01-05 07:45:00,1.1257567317217232,30.171962486605185,4682.67160687639,359,9.069351888109207,1
2026-01-05 08:00:00,2.2755759877612616,32.41181020191618,4578.620042726017,358,9.694370725940907,1
2026-01-05 08:15:00,1.5578373171464293,30.724713731203973,3915.13148467369,21,2.6168873058511766,0
2026-01-05 08:30:00,2.089648592031913,31.125567367425152,4394.745170977058,308,8.486491041551433,1
2026-01-05 08:45:00,1.5337592407050544,17.388222973511336,3834.4956719846755,163,4.756020364930329,1
2026-01-05 09:00:00,2.5303739624409936,36.378541652971585,4910.910332296256,97,4.86197447126086,1
2026-01-05 09:15:00,2.377670421221602,37.35671993942219,4174.183625364574,307,8.9038676126866,1
2026-01-05 09:30:00,1.3755179257604633,26.16487404745578,4876.621082837969,339,8.568115226703272,1
2026-01-05 09:45:00,1.9857854754771778,27.6521844014891,4783.760893105244,55,3.1999578326483396,0
2026-01-05 10:00:00,1.8226879747925737,15.751139979554223,4229.822894239182,333,8.042261950415872,1
2026-01-05 10:15:00,2.1843157787661744,32.11403804814268,4160.164514619676,127,5.104827500622957,1
2026-01-05 10:30:00,1.0175382697099478,32.576459533713155,4605.111064915902,193,5.8252714509970485,1
2026-01-05 10:45:00,1.8430257299992197,27.50247186400551,4246.702788845078,243,6.891223152175084,1
2026-01-05 11:00:00,2.029212243424794,36.99482687896402,4530.745392647462,349,9.694333224835393,1
2026-01-05 11:15:00,0.6206302567884429,25.327382152160475,4355.151722757924,88,3.27355960823515,1
2026-01-05 11:30:00,0.9083707436671125,32.5168474071488,3965.65247566031,336,8.656637631813775,1
2026-01-05 11:45:00,0.4803839111199497,19.842685290463073,3830.8595942626625,215,5.565350710037734,1
2026-01-05 12:00:00,1.365296582777721,27.811582793006096,4568.005274548379,92,3.7201531595706507,1
2026-01-05 12:15:00,1.858771127897981,26.605165936777315,4331.532676100813,303,7.916071650768665,1
2026-01-05 12:30:00,2.251178526048014,29.802463376327534,4334.0730549257605,235,7.223918878106164,1
2026-01-05 12:45:00,,25.04378456933313,4708.759151728135,184,5.464188636981679,1
2026-01-05 13:00:00,2.314307772785646,26.948219234626656,4852.032682989733,38,2.9612386529600645,0
2026-01-05 13:15:00,0.8099492708925543,34.60837737153205,4418.236583591457,139,4.7629448708358195,1
2026-01-05 13:30:00,0.6483087803224227,24.50588610209426,4397.820387927041,195,5.390577916131146,1
2026-01-05 13:45:00,1.4722261505516907,15.147383194090565,4650.042909934165,15,1.6188353742045756,0
2026-01-05 14:00:00,1.6920327244696536,41.99667123364337,4092.9193290901276,257,8.015453762755843,1
2026-01-05 14:15:00,1.4836526259529534,39.051632629523894,4566.945916424309,135,5.410554081108417,1
2026-01-05 14:30:00,0.4662789499800617,17.661898439155053,4665.565791546646,1,1.0216865541065407,0
2026-01-05 14:45:00,1.4554399802436058,33.517662441961555,4704.069062525289,49,3.1442583717923447,0
2026-01-05 15:00:00,0.8477652497475734,23.976201835589254,3918.9741892492607,96,3.405726054209775,0
2026-01-05 15:15:00,1.8348362744150193,30.107897722648477,4271.593419057318,201,6.303235225030463,1
2026-01-05 15:30:00,1.6832991230484242,30.35379303210795,4236.52102415296,26,2.699373203948509,1
2026-01-05 15:45:00,1.0300601068363224,26.124737597469423,4529.966086322764,343,8.52821977158705,1
2026-01-05 16:00:00,1.2430665413316533,21.729874675308828,4644.223373930396,235,6.1540193006214565,1
2026-01-05 16:15:00,0.9703932390555242,22.475671581469925,4949.013122233794,349,8.271051990415662,1
2026-01-05 16:30:00,1.468660451363414,20.67046467615006,4351.510355889578,244,6.400515658832726,1
2026-01-05 16:45:00,,21.345422334156442,4350.728250507236,358,9.144741166993256,1
2026-01-05 17:00:00,1.007136976832228,27.462573679605157,4844.901605663624,327,8.35958275201957,1
2026-01-05 17:15:00,1.752023257758922,22.273920087113986,4588.973081559092,351,8.815351775185515,1
2026-01-05 17:30:00,1.2348711908137795,33.45641652570096,4880.2954533563925,51,3.259747982266299,1
2026-01-05 17:45:00,1.1035635838688278,39.89796924268742,4586.618400902951,81,3.92753558017176,1
2026-01-05 18:00:00,1.4464848200227212,23.359574069039656,4152.865014386019,36,2.4722476366166335,0
2026-01-05 18:15:00,0.982378838790313,29.915236004283017,4100.061493566658,67,3.050077823296282,1
2026-01-05 18:30:00,1.2231753473264089,31.99748088242347,4034.546325282321,129,4.703746085667086,1
2026-01-05 18:45:00,0.9010610537055758,31.776018167354195,4698.615550427542,155,5.075176847454483,1
2026-01-05 19:00:00,2.4823625664581948,28.6076421433287,4856.579046926103,245,7.351657956068578,1
2026-01-05 19:15:00,1.5176317759858644,33.94145934687778,5054.808642415915,111,4.6408874857342175,1
2026-01-05 19:30:00,1.1501372460037071,31.857991621445258,4752.931599696972,168,5.490553959126657,1
2026-01-05 19:45:00,1.606989955367111,18.098700621381617,4848.851573260496,142,4.266839651683198,1
2026-01-05 20:00:00,1.443835975154585,34.95324851511418,4325.995100203894,356,9.56346874860561,1
2026-01-05 20:15:00,1.3895152002333886,35.09832669813394,4153.075254976843,197,6.229777220168185,1
2026-01-05 20:30:00,1.8070833500217125,21.893711166571347,4755.023799725266,109,3.800504048170799,1
2026-01-05 20:45:00,1.8787538550236524,28.303502683580817,4625.30422567182,79,3.7358011136977214,1
2026-01-05 21:00:00,1.2347494261947363,33.466631942488554,4532.233312302268,161,5.451944276616557,1
2026-01-05 21:15:00,1.21209087967766,26.325489443365107,4616.211444189897,19,2.079725634344724,0
2026-01-05 21:30:00,1.362474151424178,36.58382438212809,4596.955644737462,127,5.047466704046795,1
2026-01-05 21:45:00,0.3490394176322076,46.91097995695489,4885.145057956069,205,6.492833108985411,1
2026-01-05 22:00:00,0.7424044689007239,21.712111738920143,4888.495675445087,29,1.914458178752735,0
2026-01-05 22:15:00,2.1834371337222622,16.9516431747698,4663.266105702104,207,5.794483258653288,1
2026-01-05 22:30:00,2.322483856750642,30.430548764839006,4753.740861768879,280,7.879623359824227,1
2026-01-05 22:45:00,,33.772500041009145,4654.218765727433,151,5.159504431867145,1
2026-01-05 23:00:00,1.7882784815278832,26.153069009241847,4361.649080389614,240,6.751778912622669,1
2026-01-05 23:15:00,1.655625077271768,39.62608530656827,4726.969402473942,266,7.950543742852483,1
2026-01-05 23:30:00,3.039440404227619,17.29115360221401,4081.6514793422216,182,5.420186392613638,1
2026-01-05 23:45:00,2.0597874557172884,33.54334898425289,4816.167465688765,105,4.672737733835542,0
2026-01-06 00:00:00,1.4360412042596167,23.15311343392885,4141.643118070189,236,6.522739523544656,1
2026-01-06 00:15:00,1.0222297796997872,41.75502324965837,4585.74098603842,173,6.0747891989217715,1
2026-01-06 00:30:00,0.6967768398712137,43.94012282534494,4246.453812472152,158,5.486551329407393,1
2026-01-06 00:45:00,1.6017318179336115,21.866747297733216,4666.016694922328,172,5.144746950076922,1
2026-01-06 01:00:00,1.1218246273578483,23.60354291273136,4489.822432221627,311,7.943050558594663,1
2026-01-06 01:15:00,0.7888731452011629,34.876703095838415,4021.5732125510003,157,5.302133994645174,1
2026-01-06 01:30:00,1.1767135578787367,24.902954801683883,4626.209889305544,258,7.023726257060945,1
2026-01-06 01:45:00,0.9592259981928025,27.636710256542095,4326.623766950187,164,5.055797409561447,1
2026-01-06 02:00:00,2.3435708175362824,28.20310736433928,4764.344016244011,147,5.281986309437292,1
2026-01-06 02:15:00,1.9408198784747253,12.64261475041875,4500.397706620322,154,4.332663769291994,1
2026-01-06 02:30:00,1.4960136793416914,27.889298031246103,4618.626295616412,38,2.8593579927217125,0
2026-01-06 02:45:00,2.239972069445013,22.482177807486607,4212.729313495436,131,4.594066293985731,0
2026-01-06 03:00:00,1.5386841538238092,24.055017420801825,4323.200330571792,358,8.98161863031319,1
2026-01-06 03:15:00,1.0693578993358681,39.54905602775051,4362.408409169675,255,7.501913018397476,1
2026-01-06 03:30:00,2.2615620386348287,17.94794484576595,4757.010744072767,208,5.722556831899021,1
2026-01-06 03:45:00,1.7694550218423293,34.505641493983816,5003.213126341647,95,4.251918511032452,1
2026-01-06 04:00:00,0.9813769228367718,25.768296557345533,4258.448474477137,348,8.686353734005637,1
2026-01-06 04:15:00,1.404830660958196,25.761918652033323,4823.054443397305,327,8.385169616706827,1
2026-01-06 04:30:00,1.0621908733076215,34.32297516841369,3849.0967746822894,171,5.607207405327374,1
2026-01-06 04:45:00,0.808600134517832,30.720410356551124,4141.743179672313,250,6.937845265665827,1
2026-01-06 05:00:00,1.9630887737658207,32.564903977756245,4212.366463143968,190,6.131156650329892,1
2026-01-06 05:15:00,,35.74547728426289,4094.2473931677832,199,6.69764216424259,1
2026-01-06 05:30:00,0.8007162130904294,25.349532934533418,4024.923483063726,221,5.993644419406963,0
2026-01-06 05:45:00,1.7814846183452855,23.102106123937997,4623.899673641339,24,2.42504904898943,0
2026-01-06 06:00:00,1.1746787154390865,19.318795787537617,4435.779690681642,244,6.292401471731819,1
2026-01-06 06:15:00,1.2564373081176519,21.39671576016836,4613.821619281533,324,7.874300995852592,1
2026-01-06 06:30:00,1.2038030378805655,51.592755402469805,4707.141805836454,128,5.601340698141209,1
2026-01-06 06:45:00,1.068004615160092,37.95743664589429,4579.68509795176,93,4.258400723455622,1
2026-01-06 07:00:00,1.5242608139724134,17.19140507033583,4697.328952845112,300,7.604976521387586,1
2026-01-06 07:15:00,1.0845249417944811,17.42033634605144,4479.1403141273195,133,3.992884386438842,1
2026-01-06 07:30:00,1.6352284128899195,31.85492849374793,4143.901983508276,55,3.1982381222034344,1
2026-01-06 07:45:00,,32.37811837902373,4817.344254246239,158,5.328221222479853,1
2026-01-06 08:00:00,1.3805259765667952,32.39107068253892,4323.266360165662,29,2.7992696395225845,0
2026-01-06 08:15:00,1.046218168979201,25.96035365157042,4219.321110371272,211,6.023126425985929,1
2026-01-06 08:30:00,1.2116143347158337,26.9963659199768,4446.62463725868,154,4.9651711886074885,1
2026-01-06 08:45:00,1.877695612912878,30.62303619327486,4226.156724211046,293,8.117069301024076,1
2026-01-06 09:00:00,1.7504585938121904,28.687144050346642,4374.770885403171,222,6.660392183019768,1
2026-01-06 09:15:00,1.0112223776007245,10.24559701801972,4603.21617646904,115,3.1527122926817697,0
2026-01-06 09:30:00,1.549666152714613,26.16160295539845,4604.502521773838,158,5.106411516143182,1
2026-01-06 09:45:00,1.8756935616858945,21.18874852591749,4230.6509800723115,259,7.064693592160905,1
2026-01-06 10:00:00,0.6652973594393141,29.401691351268095,4353.688388115376,251,6.813867092039488,1
2026-01-06 10:15:00,1.7716800961899675,51.88207202082728,4822.2999014310735,122,5.802685136539878,1
2026-01-06 10:30:00,1.1686881205270767,30.939853323794434,4648.920035320182,299,8.05185941376257,1
2026-01-06 10:45:00,1.7852993342965797,25.491762510620816,5122.519511804562,263,7.14383847152041,1
2026-01-06 11:00:00,1.1183704217287416,35.37441201581802,4854.038452122459,49,3.1978245244753802,0
2026-01-06 11:15:00,0.5975589496677405,31.8615030976737,4843.287920567982,329,8.321174188906575,1
2026-01-06 11:30:00,0.6862287810584187,31.36075592361473,4083.6394348632593,297,7.753581902968804,1
2026-01-06 11:45:00,1.524042473330691,32.85480474572537,4729.158105490027,362,9.375473233618125,1
2026-01-06 12:00:00,1.6298612508607409,44.45234851863633,4484.067959490927,77,4.449058596911308,0
2026-01-06 12:15:00,1.0478416874477956,,4334.705458938525,127,3.7102661261306906,1
2026-01-06 12:30:00,1.819296229388687,31.789056614491635,4550.404602159759,197,6.318899441740903,1
2026-01-06 12:45:00,0.6692399688655201,20.58895096014769,4783.563460383445,221,5.718678314335496,1
2026-01-06 13:00:00,1.4669601006763417,32.44410117073799,4650.249477301263,91,4.219205063215189,1
2026-01-06 13:15:00,0.8944919001187717,20.650507908111244,4236.457859597382,8,1.5298621402509496,0
2026-01-06 13:30:00,1.1740819460989205,24.661065491159324,4722.737674077786,32,2.322196383278003,0
2026-01-06 13:45:00,1.523699335658207,25.63928068609675,4308.72373737721,320,8.35969699682106,1
2026-01-06 14:00:00,1.0697933173580239,35.80653375475767,4565.004935689286,269,7.583594743223249,1
2026-01-06 14:15:00,1.3077222278850873,35.34763555153931,4408.99497975686,191,6.137953949460993,1
2026-01-06 14:30:00,2.0031464046072203,18.034260988428926,4434.340124479312,349,8.782411615473194,1
2026-01-06 14:45:00,1.2115540652384256,28.43947288799879,4729.872892512153,163,5.139843786731221,1
2026-01-06 15:00:00,1.917846056032571,22.32336116200662,4187.941884055231,61,3.2228324974165066,1
2026-01-06 15:15:00,0.935146572671191,17.931960714597324,5083.55852228308,264,6.382743279246881,1
2026-01-06 15:30:00,1.7649020889576414,26.263863596605038,3953.674179211651,285,7.879502003048792,1
2026-01-06 15:45:00,2.22078431032895,25.53213769235344,4320.6996950235425,95,3.8861040006047194,0
2026-01-06 16:00:00,,47.41373189076418,4611.063566982522,41,3.4315764256825037,1
2026-01-06 16:15:00,1.1015523722647615,31.46367860288557,4675.294249930593,149,4.807158632219762,1
2026-01-06 16:30:00,1.78853606359027,16.979059993966104,4469.857283828488,204,5.8424258369753925,1
2026-01-06 16:45:00,1.3984773069785037,23.481807966632463,4482.782789099538,267,7.089568942481013,1
2026-01-06 17:00:00,1.6855729366856544,36.17106636343519,4623.165025598285,2,2.4282940695876363,0
2026-01-06 17:15:00,1.1980074066420898,44.7075421829594,4430.679156762696,178,6.46109204849032,1
2026-01-06 17:30:00,1.54329489373645,15.312133502096334,4917.954377380472,194,5.154037625360132,1
2026-01-06 17:45:00,1.4221613823039603,12.96060491888764,4751.804734269481,336,7.9141594109173115,1
2026-01-06 18:00:00,2.0838910308299035,42.967721402974256,4761.8473053016905,196,7.16241371157861,0
2026-01-06 18:15:00,1.6272104216506065,31.11691341896723,4210.152982988875,343,9.106283655059697,1
2026-01-06 18:30:00,1.668801331037601,21.05365814498907,4476.183472678289,249,6.4976019598862935,1
2026-01-06 18:45:00,1.2940615169387664,32.27703268897948,4409.860215383789,212,6.344147019487182,1
2026-01-06 19:00:00,1.2561968879637533,6.914018087864978,4198.31958729316,153,3.8720037133278447,1
2026-01-06 19:15:00,1.2837209060901895,28.027004052777286,4608.04925518373,158,5.093690252731357,1
2026-01-06 19:30:00,1.6972260711891485,30.622569382744683,4338.706272666055,362,9.445574600426765,1
2026-01-06 19:45:00,1.2895077595898685,35.39416111630264,4696.6211489550715,139,5.120096209434439,1
2026-01-06 20:00:00,,19.888832381659697,4178.942531131701,221,5.919591165383074,1
2026-01-06 20:15:00,2.5377003993227194,28.685497291226874,5015.712183852546,273,7.854564720271881,1
2026-01-06 20:30:00,1.9355623517158462,20.5966029915233,4231.100202422382,154,4.915239453465693,1
2026-01-06 20:45:00,1.3369882339160795,30.043070045394536,4565.790701160131,249,6.940734615092501,1
2026-01-06 21:00:00,2.100606961081972,20.837229421095806,4737.557793116421,279,7.571698613833374,1
2026-01-06 21:15:00,1.2959623134892242,24.735193286718236,4328.807870939966,304,7.7609309054781255,1
2026-01-06 21:30:00,0.48093773241107307,20.033476841678166,4755.7405930298855,276,6.728381843982004,1
2026-01-06 21:45:00,0.995956844541298,33.20908993458926,4131.244920659875,2,2.08834153803506,1
2026-01-06 22:00:00,0.5646040394870722,34.86760893325332,4935.635309754768,88,3.627753975100763,1
2026-01-06 22:15:00,1.3242432579793457,26.12303544034069,4504.244779489727,287,7.581898174729931,1
2026-01-06 22:30:00,1.509209189594776,28.305903959680226,4321.076577609336,130,4.487785658333514,1
2026-01-06 22:45:00,2.3382186561376415,16.41126868293165,4410.24546827177,78,3.2714897739241793,0
2026-01-06 23:00:00,1.6634636868820813,25.602586815945703,4742.675780817815,260,7.148542230999649,1
2026-01-06 23:15:00,1.3904497355955678,27.598363063666042,4324.663412444868,241,6.613364228514194,1
2026-01-06 23:30:00,1.9147027905917446,48.966344728239804,4275.192693173167,141,6.09654851674074,1
2026-01-06 23:45:00,0.39443234549605743,19.10426379380669,4433.539020724878,228,5.699023594739704,0
2026-01-07 00:00:00,1.617807279054283,39.7134179100195,4146.91136616901,163,5.9459938847515605,1
2026-01-07 00:15:00,1.8854325969434833,35.97487018772647,5046.163172382545,236,7.273163455777722,1
2026-01-07 00:30:00,0.7607068771100792,30.24509123592109,4330.081622635583,128,4.261468954510908,1
2026-01-07 00:45:00,,42.06896387356107,4749.485035854121,200,6.932191717128192,1
2026-01-07 01:00:00,1.6692482037472072,30.976843780854903,4562.841025094332,31,2.8988511789065705,0
2026-01-07 01:15:00,1.2923560430495993,31.11327356534343,4204.63978485541,138,4.713575216540385,1
2026-01-07 01:30:00,1.8163909330531425,27.57503477585964,4498.213587236181,21,2.414225510355444,0
2026-01-07 01:45:00,2.635346428902198,37.78855105934902,4735.200833793225,234,7.598957685933219,1
2026-01-07 02:00:00,1.5909331275292475,36.77175387048707,4443.521599474108,202,6.47782799103282,1
2026-01-07 02:15:00,1.624110293150168,22.994581700030302,4857.933883755309,279,7.377756818799706,1
2026-01-07 02:30:00,1.2703195502298779,17.446022443209863,4806.454617834559,131,3.9712591476820496,1
2026-01-07 02:45:00,1.0750778152676042,26.37615490083474,4775.674456397499,148,4.724838825728498,1
2026-01-07 03:00:00,1.9151679082721227,21.599691484818827,4362.1029683181005,29,2.548233539494726,0
2026-01-07 03:15:00,1.0719580870455663,27.49180340307716,4176.047265665554,361,9.07721224383182,1
2026-01-07 03:30:00,1.5357831186096962,37.899505077473115,4315.923718391162,308,8.674903666751177,1
2026-01-07 03:45:00,1.2611712766174417,24.34158675930568,4558.872282200016,162,4.850876693917684,1
2026-01-07 04:00:00,1.739489912873196,27.6574129495074,4663.736014059707,357,9.146467953847095,1
2026-01-07 04:15:00,1.6668310526434742,28.464181878467162,3848.5285785718656,340,8.974114932885433,1
2026-01-07 04:30:00,2.0187699721289496,34.787447057642275,4497.566039516475,61,3.7200318023478616,1
2026-01-07 04:45:00,1.2449918005726266,10.024885328123158,4547.426767596955,125,3.4024657737858375,0
2026-01-07 05:00:00,1.3650625323533143,23.146397641877627,4416.736723105335,71,3.3331482069130867,0
2026-01-07 05:15:00,1.0106181421088463,29.690269538235782,4887.382151704764,326,8.561206671147996,1
2026-01-07 05:30:00,1.277853369961944,37.600631651414886,4626.534022275261,364,9.658727588642238,1
2026-01-07 05:45:00,1.688650246522426,24.06478041995036,4893.057572424269,243,6.630432669449615,1
2026-01-07 06:00:00,1.878494308322676,12.987578351665007,4435.21184389493,249,6.453112525639616,1
2026-01-07 06:15:00,1.0389173379111873,32.95769156772909,4781.243247752078,221,6.434444713718017,1
2026-01-07 06:30:00,1.93480296005283,22.917100889394966,4990.519918358255,21,2.4286295047720854,0
2026-01-07 06:45:00,2.1778189294024752,18.48266672727711,4893.508034781798,82,3.386355567048583,0
2026-01-07 07:00:00,1.7067174516118504,23.005236882294206,4172.35752197138,344,8.877488381548977,1
2026-01-07 07:15:00,2.438397906279033,26.523797138753203,4423.897176737286,10,2.449674856309689,0
2026-01-07 07:30:00,1.1131054004482135,23.1620426836943,4396.450588365061,12,2.0798176428243607,1
2026-01-07 07:45:00,0.8776726483442915,10.355471543207447,4646.776360522898,263,6.1483484149860566,1
2026-01-07 08:00:00,0.6106398755478607,35.17652957509706,4705.90606650436,145,5.041512992379441,1
2026-01-07 08:15:00,2.2480221557445916,38.19900033022978,4248.332197792279,192,6.595148842908339,1
2026-01-07 08:30:00,1.8271828281770288,33.21217593071604,4520.351554175081,250,7.2603469026057965,1
2026-01-07 08:45:00,,18.89851463660147,3894.021800353159,114,3.583186517212293,1
2026-01-07 09:00:00,1.6399843131599101,26.388067728419855,4932.583501740567,26,2.62305749549296,0
2026-01-07 09:15:00,0.9372554763508117,27.947829478164337,4346.287727796992,271,7.199095055446146,1
2026-01-07 09:30:00,2.722875989808413,32.790355116495284,4516.759181953349,33,3.263910606695959,0
2026-01-07 09:45:00,1.5646105909876138,33.34672390974465,4407.1050858035815,62,3.665000736990864,0
2026-01-07 10:00:00,1.5546973973024465,22.126609609772032,4843.808272504025,229,6.4238088410856635,1
2026-01-07 10:15:00,1.862883311949346,28.655964451308485,3648.7480675807865,303,8.376190131382216,1
2026-01-07 10:30:00,1.7405046158683566,31.65824323692193,4495.016897302227,95,4.045135405349154,0
2026-01-07 10:45:00,1.6119420121395658,39.64657857717413,4468.254372750691,35,3.4517468638191087,0
2026-01-07 11:00:00,1.104762772277344,33.636052318597784,4363.909083722495,193,6.022111922408381,1
2026-01-07 11:15:00,1.7357341785679978,34.31245349900415,5017.86796369069,76,4.072678650108164,1
2026-01-07 11:30:00,2.441012248237517,28.67061302343489,4233.8011623432685,249,7.44420866692119,1
2026-01-07 11:45:00,2.1727100230774887,39.28367316162803,4731.5388531706985,83,4.510569223597161,1
2026-01-07 12:00:00,2.2965933133196987,31.278102367675977,4606.875836611825,25,3.1085409671579005,0
2026-01-07 12:15:00,1.2443921617844074,21.111296718611435,4878.455775760654,57,2.778511644462766,0
2026-01-07 12:30:00,1.0051975898707095,39.226959761001524,4299.843274566749,32,3.111603583875664,1
2026-01-07 12:45:00,1.437106539950176,,4280.109330262872,319,8.585199184930604,1
2026-01-07 13:00:00,1.5278624561443472,24.45564783097214,4828.820972243219,12,2.056686436606898,1
2026-01-07 13:15:00,2.047095759235474,24.164056260806053,4627.596392499033,319,8.233659757509825,1
2026-01-07 13:30:00,0.6537676851425903,30.372604361126093,4036.5187959969726,333,8.384124885206681,1
2026-01-07 13:45:00,2.264775159730307,31.705478362140678,4338.208495661019,92,4.410223335863054,1
2026-01-07 14:00:00,1.4209960507105053,29.57833812504965,4615.914796154419,1,2.123734108296524,0
2026-01-07 14:15:00,1.28655946502629,30.49046938754308,4751.329266463977,326,8.46119404439464,1
2026-01-07 14:30:00,0.9939478123699163,41.59965899661104,4296.230804042113,136,5.3257966168020285,1
2026-01-07 14:45:00,0.6725716640671153,36.57234521787909,3625.7232030549176,196,6.314953455057829,1
2026-01-07 15:00:00,1.9115852919809573,29.525084730120195,4656.96695572111,133,4.810615907840529,1
2026-01-07 15:15:00,1.536658983594202,35.53048464613987,4133.903793016807,86,4.090599645540287,1
2026-01-07 15:30:00,0.8550195501294731,19.739808771779686,3894.7983605632767,295,7.166838716085631,1
2026-01-07 15:45:00,0.852460613968192,31.183416399574472,3650.302222504758,279,7.470666489946693,1
2026-01-07 16:00:00,1.3321076503549358,42.47445079786488,4744.194258059322,324,9.163956200083401,1
2026-01-07 16:15:00,2.3345107626446966,26.25563283686101,4538.58523512149,180,5.776852653042177,1
2026-01-07 16:30:00,1.3702043243181976,21.21892857104732,4432.303085786324,4,1.661336178872462,1
2026-01-07 16:45:00,0.7484285234409469,22.783288891255516,4916.707308888828,126,3.967260173798432,0
2026-01-07 17:00:00,1.377128467957028,19.282935701260893,4691.197404906922,175,5.062158368846611,1
2026-01-07 17:15:00,1.3636382151261648,21.721904734978374,4984.890012816575,251,6.798199813297918,1
2026-01-07 17:30:00,0.15155667852921417,25.035935211279767,4082.179358349901,21,1.730971546109199,0
2026-01-07 17:45:00,1.4728525667410939,16.755463846570862,4489.634812813811,105,3.470730655506015,1
2026-01-07 18:00:00,1.384532734895661,28.124946671596824,4014.9859875155958,66,3.349694342307994,0
2026-01-07 18:15:00,1.8481031824067091,,4431.18530044336,263,7.800169430374623,1
2026-01-07 18:30:00,2.4244780474726726,20.737950558824636,4425.415243869997,49,2.967405987347828,0
2026-01-07 18:45:00,2.0632825147738787,40.15427138913415,4687.9840911789215,16,3.201528247848942,1
2026-01-07 19:00:00,1.3655556547225847,32.086336708220756,4513.669164342569,145,5.012224239427487,0
2026-01-07 19:15:00,0.9467370456291648,36.24464468499246,4687.022141483974,340,8.937888650595845,1
2026-01-07 19:30:00,2.78667990162493,22.737323569182905,4711.032039941669,250,7.061606423629801,1
2026-01-07 19:45:00,1.5296092170072442,34.83620181653293,5146.478603214942,343,9.180861466889988,1
2026-01-07 20:00:00,,19.264528796837496,4405.411003414163,354,8.469760000139411,1
2026-01-07 20:15:00,1.4879374564449983,35.12198000669207,4217.693189800087,75,3.7873335980290057,0
2026-01-07 20:30:00,1.5990423803839275,29.37471471834825,4573.825084594922,290,7.966300761730716,1
2026-01-07 20:45:00,1.4278197940380288,32.42600975987827,4259.315991858137,282,7.6819114382255655,1
2026-01-07 21:00:00,1.2131689965598818,18.595243155001185,4944.588230530961,66,2.7160452619573756,1
2026-01-07 21:15:00,1.226570529379804,20.83944126178716,4415.03458831643,125,4.03914764161801,1
2026-01-07 21:30:00,1.4836233648920008,32.77782574602708,4330.327089637803,319,8.58848121282503,1
2026-01-07 21:45:00,1.2282876144331176,20.413215966206394,4358.605283654664,87,3.2038423613595177,0
2026-01-07 22:00:00,1.1435771086614177,31.705650336792985,4715.525227041492,41,2.895252241659481,0
2026-01-07 22:15:00,1.5532151138459485,17.062897548318034,4452.6759050305545,186,5.240840843010941,1
2026-01-07 22:30:00,1.3725113912895723,34.78539370133335,4307.499953960885,354,9.36842685443646,1
2026-01-07 22:45:00,2.2519964942913444,18.139813481851927,4999.60557528706,335,8.465213180028842,1
2026-01-07 23:00:00,0.174515095803494,32.418399501436184,4243.149047801475,266,7.097199606698219,1
2026-01-07 23:15:00,2.045753425961231,,4510.6698222098985,271,7.757479737818068,1
2026-01-07 23:30:00,2.1230425962488146,22.4258254525634,4695.691845483069,42,2.8792461669752183,0
2026-01-07 23:45:00,0.46330488379592527,32.65621253667781,4010.599466874878,93,3.7201020194844268,1
2026-01-08 00:00:00,,30.08353810666845,4644.0781504217775,185,5.75554207089868,1
2026-01-08 00:15:00,1.3142795670021044,23.689265150458095,4183.467697355865,215,6.009185534751082,1
2026-01-08 00:30:00,0.7962441526410894,19.931562527390334,4746.8348342502,17,1.4660789075347176,0
2026-01-08 00:45:00,1.1110916562045623,12.298994466619368,4211.204696424307,265,6.498121622013966,1
2026-01-08 01:00:00,0.9447120772670856,30.797200378397548,4707.830709554658,114,4.281611954715231,1
2026-01-08 01:15:00,2.3761352217118112,15.481577829103559,4831.749919888413,292,7.468393962550472,1
2026-01-08 01:30:00,1.9678391965737305,28.762753595530466,4758.430957689841,292,8.141154326907577,1
2026-01-08 01:45:00,2.1357775474970793,25.892414271342005,4575.39499447143,48,3.127815702518294,0
2026-01-08 02:00:00,1.8608360320216175,33.43314220350556,4430.60971712109,307,8.497691320038282,1
2026-01-08 02:15:00,0.9354741143913854,25.583636004081086,4327.074127099547,97,3.712550817699563,1
2026-01-08 02:30:00,1.2377398668601132,25.364417709223268,4941.3104072451315,95,3.620232906321122,1
2026-01-08 02:45:00,1.744687280613959,33.85496563430637,4290.151433949707,326,9.046235853920523,1
2026-01-08 03:00:00,0.8889360955540273,30.68046423267294,4188.880177929002,74,3.4230256863502704,0
2026-01-08 03:15:00,1.856499215086194,30.529247657462225,4699.610680509849,336,9.084717941550025,1
2026-01-08 03:30:00,1.3798373009209324,31.75414071846821,4261.158959044052,68,3.5575504935991287,0
2026-01-08 03:45:00,1.3125895962252012,15.715423014343154,4214.980950760162,246,6.284080067983193,1
2026-01-08 04:00:00,1.8554799841017457,34.05430943989585,4066.9187213490704,77,4.006430508800134,1
2026-01-08 04:15:00,1.72213165574302,32.89975035210882,4355.127048161845,208,6.421158285197122,1
2026-01-08 04:30:00,1.3195169170904602,19.86653497138802,4475.185492831052,254,6.607386087640067,1
2026-01-08 04:45:00,2.079664901682124,26.047356210606388,4572.927518298209,221,6.645872855607285,1
2026-01-08 05:00:00,0.9594683362000513,27.685541698978952,4785.391873289845,262,7.079990390587531,1
2026-01-08 05:15:00,1.8079678034721318,26.924025724786137,4658.069377099738,331,8.73951375411419,1
2026-01-08 05:30:00,1.796550628984192,30.67087973254828,4442.738334134046,344,8.922588906911491,1
2026-01-08 05:45:00,,39.45093425464947,4440.541297086084,259,7.66931501297895,1
2026-01-08 06:00:00,1.663066511121059,36.65413382138263,4653.047240674555,308,8.626104373382574,1
2026-01-08 06:15:00,0.8744432118073485,17.50224645254875,4881.771048878571,74,2.5945638505442155,1
2026-01-08 06:30:00,1.9620135096034506,32.97655992244839,4537.89425984496,125,5.024009162077526,1
2026-01-08 06:45:00,1.4075489317785055,38.63146655628328,4359.260743736877,188,6.052062031214611,0
2026-01-08 07:00:00,1.2386384897404803,31.09446816551362,4202.140199674336,254,7.2138423789620045,1
2026-01-08 07:15:00,2.0245046129184447,36.72784340148773,4066.4384206763325,321,9.199117840182087,1
2026-01-08 07:30:00,1.1478281547286204,44.09816356560612,4699.880901613057,308,8.803055266344867,1
2026-01-08 07:45:00,0.7957693518182202,36.18967636885585,4673.3935570918675,235,6.820357664772312,1
2026-01-08 08:00:00,0.7216854132380481,29.99446876513383,4673.209057531998,250,6.885153527121244,1
2026-01-08 08:15:00,1.80300497567282,36.36070779267803,4461.402166094384,332,9.102871914560597,1
2026-01-08 08:30:00,0.8597853237518585,29.15910266477513,4922.080423767526,345,8.767946910416745,1
2026-01-08 08:45:00,2.3773970909921824,28.191224346279643,4354.764451624555,72,3.708738618943212,1
2026-01-08 09:00:00,0.459035296058139,25.18868611429014,4786.580771162162,235,6.021304233575826,1
2026-01-08 09:15:00,2.348228184145019,40.50730687065686,4488.377131503137,324,9.474255689855838,1
2026-01-08 09:30:00,1.6055087336013092,21.452570672463988,4317.494770596199,156,4.83216332893427,0
2026-01-08 09:45:00,1.4516434440648038,40.258941797424924,4677.759092195329,115,4.72150403638007,0
2026-01-08 10:00:00,1.2275404565955252,31.99891298992297,4622.890835605198,313,8.492492927376322,1
2026-01-08 10:15:00,1.6995680571760354,16.805550601584468,4607.091827780077,228,6.038633049111274,1
2026-01-08 10:30:00,1.4811826487875759,30.94119434393137,4524.38352661686,322,8.630600768647504,1
2026-01-08 10:45:00,2.0516509410082606,11.199787938787008,4488.63207548495,346,8.461168098475971,1
2026-01-08 11:00:00,1.5571138243310199,33.00406413464829,5216.511597861132,245,7.197809174092759,1
2026-01-08 11:15:00,1.575150880730939,35.08185186391193,4855.276993558852,306,8.63148215207468,1
2026-01-08 11:30:00,1.318193893893072,23.261152354783572,4716.848068495654,14,1.8840297706619094,0
2026-01-08 11:45:00,1.4715271881394663,28.98838156764466,4533.539747461016,16,2.5001284890210242,0
2026-01-08 12:00:00,1.6539008844460297,43.63325947000229,4802.147160179001,42,3.600636877680214,1
2026-01-08 12:15:00,0.6449158036716872,23.954026365904507,4655.3984329174355,110,3.598553491001083,1
2026-01-08 12:30:00,0.8259072889471435,19.528739303547198,4507.86142583221,278,6.7213333396574635,1
2026-01-08 12:45:00,1.8716320470113574,39.85330721970079,4408.930702420225,324,9.248160635281177,1
2026-01-08 13:00:00,1.585432719063971,43.70069752424636,4475.724798701193,19,3.2623007152721994,0
2026-01-08 13:15:00,1.4080083318236605,28.029565374782777,3548.8722792365834,66,3.3613624400079547,1
2026-01-08 13:30:00,1.5092169665326967,36.09170428326685,4563.180251789293,167,5.6051133748048825,1
2026-01-08 13:45:00,1.6737908526808356,38.73180732424705,4353.4571759668925,73,4.10360433193099,1
2026-01-08 14:00:00,1.2301201598453193,22.060126139692926,4977.800999484865,310,7.836252607723645,1
2026-01-08 14:15:00,1.1108476372988436,24.11755331705705,4505.803221243526,112,3.9516938917299833,1
2026-01-08 14:30:00,1.5979226275488407,37.84699610523788,4143.310974139511,274,7.93424597762458,1
2026-01-08 14:45:00,1.010813611192484,41.480114229668075,4485.035953761565,85,3.9278007828759773,1
2026-01-08 15:00:00,1.704126377857236,32.50304688139484,4186.163674481249,139,5.157450785612975,1
2026-01-08 15:15:00,0.6487081978810798,20.961485171983565,4642.02222471374,39,2.072974574261316,0
2026-01-08 15:30:00,2.014577818662822,43.89648889359553,4587.284209301845,105,5.128679682715874,1
2026-01-08 15:45:00,1.7362987412065216,23.752232817504286,4787.35188933248,324,8.352670433678842,1
2026-01-08 16:00:00,1.6280148671569379,25.318897750628388,4262.735462491631,281,7.560601059096883,1
2026-01-08 16:15:00,1.991345491972757,30.738702675916972,4510.202428868444,123,4.867185260003877,1
2026-01-08 16:30:00,2.3327372222312883,40.4332833657182,4090.4934613720093,218,7.129056886224187,1
2026-01-08 16:45:00,2.0071850325090654,34.83180781241779,4710.448434577414,61,3.8785664312484442,1
2026-01-08 17:00:00,0.5795628843341774,31.318924002895283,4655.661354132037,100,3.779557104311393,1
2026-01-08 17:15:00,0.8602115166321492,31.70630824094485,4648.741506308272,307,8.232107445547703,1
2026-01-08 17:30:00,1.1875907111521606,28.348117349147728,4500.485709407082,354,8.926496610379733,1
2026-01-08 17:45:00,1.513045525105417,32.46511611614805,4624.431867236637,204,6.240314234590828,1
2026-01-08 18:00:00,1.7588295102345615,7.763519378445576,4981.301732492579,258,6.236873832237013,1
2026-01-08 18:15:00,1.1371280934232673,25.627140327441612,4414.471722887396,5,1.886206957834572,1
2026-01-08 18:30:00,1.5933833822385393,29.930575479334248,4541.593555113025,197,6.0464468716958235,1
2026-01-08 18:45:00,1.1223085338233387,18.791887331043945,4174.162110245577,180,5.045769108844086,1
2026-01-08 19:00:00,1.194241098504026,31.09058654249248,4239.5217115205005,342,8.83351317602028,1
2026-01-08 19:15:00,0.7966694515758889,26.364230232111026,4529.343987927992,133,4.300368514037017,1
2026-01-08 19:30:00,1.0383833769445479,42.043805586523916,4831.180064010572,324,9.221198925008485,1
2026-01-08 19:45:00,0.8241576971918332,40.58415780171885,4423.115752724529,253,7.454597655315932,1
2026-01-08 20:00:00,1.0120633735113336,24.273555447054697,4429.225041206363,265,6.9622527444498665,1
2026-01-08 20:15:00,2.02682089830392,26.793298307466436,4377.934426648688,93,3.8631362759759926,1
2026-01-08 20:30:00,1.0253005555840284,27.40841947513286,4339.572998746703,150,4.915969948324754,1
2026-01-08 20:45:00,2.816191032418695,24.38672419072302,4588.491436712647,138,5.212459131035956,1
2026-01-08 21:00:00,1.7466589504404446,29.560199872225013,4050.8227064464068,208,6.26522866285825,1
2026-01-08 21:15:00,1.5924180618474368,21.93374344889928,4884.281873000018,125,4.338326990621113,1
2026-01-08 21:30:00,1.0708211099093932,18.95507732049979,4300.373310561162,234,6.0890624327227485,1
2026-01-08 21:45:00,1.8501549397044956,32.98168979120215,4716.571045631443,61,3.6137880553025625,1
2026-01-08 22:00:00,1.2121810868811131,33.03623667377449,4119.000420781837,307,8.40577983306867,1
2026-01-08 22:15:00,1.5610049073226808,,4700.652039163865,266,6.971445801758003,1
2026-01-08 22:30:00,2.7800422691343973,35.162843446100794,4701.583382344349,134,5.477923574390815,1
2026-01-08 22:45:00,1.451970050137675,22.94737816667735,4615.260621601769,318,8.108913260422637,1
2026-01-08 23:00:00,2.074636663142838,30.02532190430385,4201.671443460063,113,4.643943641926092,1
2026-01-08 23:15:00,1.1484117874370563,34.56275210089965,4574.864456879423,191,6.104133908689189,0
2026-01-08 23:30:00,1.4825057547515192,27.731099482370297,4145.083144579683,187,5.704461980844463,1
2026-01-08 23:45:00,2.385400317817755,31.637927297129075,4424.1710234711445,319,8.831079380324491,1
2026-01-09 00:00:00,1.1865164711061162,23.868562848899426,4808.823930286598,89,3.700891502683911,1
2026-01-09 00:15:00,2.4062242789984642,26.428267332575224,4739.010578121222,187,5.915243622124251,1
2026-01-09 00:30:00,1.8538759677277377,26.353124552957276,4504.55488276213,307,8.204718427067911,1
2026-01-09 00:45:00,1.2187666120528662,22.02737322767809,4207.558027223147,132,4.306845858659813,1
2026-01-09 01:00:00,1.8162038695277605,26.585806695073742,4693.676313652258,360,9.370884144068576,1
2026-01-09 01:15:00,1.9862772248133649,15.611053609090026,4505.814371309408,123,3.9783475525050758,0
2026-01-09 01:30:00,1.8109049811085982,24.07077002286316,3803.905320530873,48,2.700408724145827,0
2026-01-09 01:45:00,,25.720996053042633,4734.7889478949555,288,7.272978341327772,1
2026-01-09 02:00:00,1.1364314120875658,25.95056198003696,4492.7301498390925,179,5.418232914858263,1
2026-01-09 02:15:00,1.3762406822242477,26.06802043303377,4860.735374394922,180,5.517646942690912,1
2026-01-09 02:30:00,1.462783285449977,27.505886401118968,4171.4188443471585,99,4.007419870124747,0
2026-01-09 02:45:00,1.810336048775339,31.83553214468851,3546.9888560412,330,8.987077435351999,1
2026-01-09 03:00:00,1.588850500466627,34.99613659306018,4583.725157503555,34,3.199355453107711,1
2026-01-09 03:15:00,0.8323278206449494,22.801878185213862,4587.4691030045915,70,2.7954361929891935,0
2026-01-09 03:30:00,1.6900989255029817,18.374393156886846,3992.798511718064,171,4.894969428472775,1
2026-01-09 03:45:00,1.8052928726419115,19.663644702055176,4206.450136240018,272,7.182347408685899,1
2026-01-09 04:00:00,1.77989522396552,24.10237663044058,5326.56532311597,59,2.9922244521514183,0
2026-01-09 04:15:00,2.040390362777311,25.184629457467928,4408.316815753859,181,5.5692960830358205,1
2026-01-09 04:30:00,1.916961077274452,21.840031470420342,4719.287692912865,19,2.3611819954215116,1
2026-01-09 04:45:00,,17.631066686000842,4304.802051789485,226,6.11842533185331,1
2026-01-09 05:00:00,1.4649171442706765,24.351033380206495,3872.9091303440528,95,3.7063678416231043,0
2026-01-09 05:15:00,0.6695195332420043,29.45141296091177,4448.9225259612285,297,7.685305861018922,1
2026-01-09 05:30:00,1.714809109566293,32.76023572668452,4420.318631914169,81,3.9333215291782766,1
2026-01-09 05:45:00,1.6038438435815556,23.54061557513343,4380.036528399489,175,5.440292380721951,1
2026-01-09 06:00:00,1.6357894185976867,24.696017422852528,4465.6077493480825,222,6.177655048062123,1
2026-01-09 06:15:00,0.8616257120898453,20.586413529221513,4579.280481493691,103,3.278368603176972,1
2026-01-09 06:30:00,0.9594717297958688,27.74848663700179,4454.964914623858,54,2.7575748719096467,1
2026-01-09 06:45:00,2.026576426666452,21.212570926473482,4120.798149615791,183,5.56017528176425,1
2026-01-09 07:00:00,1.4802224230716725,32.5850225059296,4645.855437468582,351,9.421874468512998,1
2026-01-09 07:15:00,1.8407503486863122,13.71306806452711,3915.188473403273,318,7.868861941851408,1
2026-01-09 07:30:00,1.5141591880652305,25.1229626203803,3884.89276281474,355,9.021056077667517,1
2026-01-09 07:45:00,1.5148780697478725,30.408858713533938,4721.75414841047,349,9.098407470447393,1
2026-01-09 08:00:00,1.9691419029879988,29.470676130580035,4652.106081640607,321,8.547937576324609,1
2026-01-09 08:15:00,1.241977635891313,49.544269311843976,4482.7813904777895,68,4.385503502357441,1
2026-01-09 08:30:00,1.5480603884704918,30.79840019654326,4081.3654485734783,28,2.9217408717988733,0
2026-01-09 08:45:00,1.2688623556474787,19.967563225263916,4287.626717797777,274,6.961917337971335,1
2026-01-09 09:00:00,1.2827518862838423,27.236286023287416,4421.175975694049,282,7.458847719202514,1
2026-01-09 09:15:00,1.3454139382656802,13.790029332268386,4021.231809427766,360,8.404142722280662,1
2026-01-09 09:30:00,1.6110668858168564,27.355202005625912,4278.29140259303,311,8.29216196845728,1
2026-01-09 09:45:00,1.2606256891682612,21.33555154399393,4695.699101453004,119,3.962200871392194,1
2026-01-09 10:00:00,2.1278780627867606,,4928.191609286765,134,5.3883087464502415,1
2026-01-09 10:15:00,1.052696348890248,23.60367780323572,4374.169574202435,129,4.177917342292903,1
2026-01-09 10:30:00,1.4065641779193205,27.065872673638026,4726.946506294829,8,2.0518181418850516,0
2026-01-09 10:45:00,1.2801344708629125,22.915537268764773,3925.78197882376,51,2.700731249778828,0
2026-01-09 11:00:00,2.2234889421768664,41.91081081482665,4697.835372334083,341,9.750970899929012,1
2026-01-09 11:15:00,1.5982773882557872,25.430057871056707,4258.815475581756,281,7.704890342999613,1
2026-01-09 11:30:00,2.0159222697343173,42.660456347833616,4592.203685012391,175,6.521703165097069,1
2026-01-09 11:45:00,0.757219813481514,34.51321409694613,4425.674274528087,183,5.5785787714993464,1
2026-01-09 12:00:00,1.6335251329346294,31.85653381868309,4896.124202935151,192,6.011660826954593,1
2026-01-09 12:15:00,1.9448153978117184,30.949865178540158,4237.669305498024,249,7.361953118568306,1
2026-01-09 12:30:00,1.541141994637712,31.15037838573001,4688.281889268549,235,6.892307471741227,1
2026-01-09 12:45:00,2.0327401875326756,12.57861936523512,4416.14776101104,83,3.132278214209634,1
2026-01-09 13:00:00,,25.76893284679395,4452.508356597101,93,3.6257762052580085,1
2026-01-09 13:15:00,2.20467372009279,34.761263769474574,4444.843832052237,312,8.905449980163388,1
2026-01-09 13:30:00,2.649449061809625,27.608822532207157,4246.298068651766,268,7.783360164483838,1
2026-01-09 13:45:00,1.3185807197801704,16.7584812255714,4495.770310227998,120,3.8216943035315976,1
2026-01-09 14:00:00,1.2772487392996141,,4481.2055333634535,71,3.387240538613948,0
2026-01-09 14:15:00,2.2266922385588503,41.63284413004393,4572.372074522019,17,3.4729931355895527,0
2026-01-09 14:30:00,2.2897860728653563,37.975133724277754,4525.351543707859,253,7.823201191065435,1
2026-01-09 14:45:00,1.238569986423366,27.503967925071745,4739.398364883671,122,4.30951452764038,0
2026-01-09 15:00:00,1.2899065914520713,35.611594216464695,4777.052584814211,10,2.374644206314447,1
2026-01-09 15:15:00,1.3591076955697463,25.067943837055587,4184.81300345166,287,7.719666411784588,1
2026-01-09 15:30:00,0.8277747444828615,14.369027305386249,4760.631750177231,316,7.172012467342073,1
2026-01-09 15:45:00,1.0406740267579009,20.604272094963566,4144.099071867044,326,8.134770154304519,1
2026-01-09 16:00:00,0.9979296166239661,40.50311014806558,4676.35676644132,273,7.89367431228198,1
2026-01-09 16:15:00,1.1161012174479357,25.808055345365567,4685.92163541086,306,7.898686047296118,1
2026-01-09 16:30:00,1.4826575563066093,26.052928164999855,3926.6049325012486,293,7.739142521399671,1
2026-01-09 16:45:00,1.6171073662682605,25.601294429800955,4527.893773958823,210,6.130017733808682,1
2026-01-09 17:00:00,2.2752502464070385,43.23309271658405,4359.451165991905,218,7.4905631943664694,1
2026-01-09 17:15:00,1.0008229796306045,41.007671322896506,4272.370422619388,241,7.107048011814942,1
2026-01-09 17:30:00,1.992161199238292,45.750241867585075,4905.255699209702,200,7.01916394936518,1
2026-01-09 17:45:00,1.3930055778872454,26.727638316799588,4303.896257808774,216,6.129078418614012,1
2026-01-09 18:00:00,1.4752681451737835,30.36499590997676,4258.086921264585,205,6.253097531921933,1
2026-01-09 18:15:00,1.8374097460833019,15.866859604633671,4522.708482001528,216,5.84874349850539,1
2026-01-09 18:30:00,0.9386389892188507,39.8154754089462,4705.676923889525,80,4.028038950177731,1
2026-01-09 18:45:00,1.6912048730920253,18.657763589856522,4457.505424196962,267,6.965847629147771,1
2026-01-09 19:00:00,1.583226104106528,29.734204510101033,4849.911163700775,35,2.9258595507292626,1
2026-01-09 19:15:00,1.7462256320040745,19.221579778937247,4659.292698589227,289,7.365541812647616,1
2026-01-09 19:30:00,1.6445843219539091,,3846.536604080571,18,2.1881025760711093,0
2026-01-09 19:45:00,2.7276500699554473,21.301900551602397,4341.1599109478975,165,5.56709139696255,1
2026-01-09 20:00:00,1.181130007874342,23.136997914593458,4331.44737019449,13,1.980234503681477,0
2026-01-09 20:15:00,1.2345015224990912,23.687018374808172,4643.808286028827,202,5.570187072095036,1
2026-01-09 20:30:00,1.1884297367876178,23.613849640599383,3712.5548830877665,229,6.133953297846544,1
2026-01-09 20:45:00,1.2222614404198726,34.666671294242455,5264.702912615317,346,9.134059047009593,1
2026-01-09 21:00:00,1.1813064363467412,19.161097655499837,4659.307828468263,1,1.4270937900395608,1
2026-01-09 21:15:00,2.0945082655537757,29.764331416110934,4544.663041175308,319,8.699477204171865,1
2026-01-09 21:30:00,2.2102521239949273,,4854.470314925744,217,7.190903540545379,1
2026-01-09 21:45:00,1.214626853125262,23.89442908389283,5203.096215843788,34,2.3895104959449536,0
2026-01-09 22:00:00,1.0838222134478857,22.256648874019184,4761.223993376521,359,8.761130419382036,1
2026-01-09 22:15:00,1.735707778193202,26.155802998557995,4784.643928941486,266,7.389134618065524,1
2026-01-09 22:30:00,1.2238884778595143,37.43780166688568,4539.207007339314,128,5.0288628950026455,1
2026-01-09 22:45:00,1.8164659088777553,29.552861047626863,4457.542273989916,212,6.138628199785951,0
2026-01-09 23:00:00,1.6014615104256498,23.75028564313921,4357.26136679853,263,7.049436241503415,1
2026-01-09 23:15:00,0.742127942501384,31.87101320950432,4252.166402485637,312,8.042105058749799,1
2026-01-09 23:30:00,2.2737526006650306,19.18166280130861,4293.895770090151,80,3.516115793920928,1
2026-01-09 23:45:00,2.3979388365477607,33.450876083543584,4094.833210697105,165,5.885508943237818,1
2026-01-10 00:00:00,,31.26885846161414,4477.238564794493,252,7.088471346675342,1
2026-01-10 00:15:00,1.306149220032008,25.537532230888928,3994.599726832084,12,2.1245506071975004,0
2026-01-10 00:30:00,1.6429326953624526,21.29131361242215,4557.274957243113,304,7.741440164888273,1
2026-01-10 00:45:00,1.6672283949935125,20.90655262173234,4489.100817587298,212,5.988500556355244,1
2026-01-10 01:00:00,1.8292721363364153,32.278538690767284,4544.0805895160065,282,8.141018571388972,1
2026-01-10 01:15:00,2.505102269383175,37.831844019912495,4343.360528994002,112,5.216794654736053,1
2026-01-10 01:30:00,1.4115263862529752,22.901538023769643,5423.058111054151,211,5.771109720021674,1
2026-01-10 01:45:00,1.1008513777307731,31.667093628411873,4908.034770054094,239,6.774520562385293,1
2026-01-10 02:00:00,0.8103403859927364,11.30378385118345,4126.637249974583,268,6.284906980483966,1
2026-01-10 02:15:00,1.1345349800290405,23.323058154742405,4569.86042622807,298,7.63524528537093,1
2026-01-10 02:30:00,1.4834365135631014,27.751528537032783,4317.598157118803,317,8.295716128448156,1
2026-01-10 02:45:00,2.397278931758894,,4195.656081987776,58,3.0910593168118705,0
2026-01-10 03:00:00,1.2411943504819143,20.507949001683233,4097.9783786628195,34,2.208651483761824,0
2026-01-10 03:15:00,,22.65776354824891,4629.665007227776,263,6.92895729735073,1
2026-01-10 03:30:00,1.491788551963624,30.337541826610984,4295.585929479128,35,2.923565938720451,0
2026-01-10 03:45:00,2.094196636724042,26.501367852749002,4790.347807207561,271,7.769615144721884,1
2026-01-10 04:00:00,2.7634662129368106,10.094150133400223,4798.134664359131,227,6.1895633886897485,1
2026-01-10 04:15:00,1.2345656135398397,11.03439877891947,4912.174315563435,25,1.5223023290089983,0
2026-01-10 04:30:00,1.255280278740889,23.1450785771426,4244.283970177769,234,6.43345614034485,1
2026-01-10 04:45:00,2.022080438534536,31.661492688428417,4642.609683207603,59,3.649099732271103,0
2026-01-10 05:00:00,1.8409457448131556,6.019961258198123,4689.73626499269,251,6.029822286224627,1
2026-01-10 05:15:00,2.423353662868017,24.002158590786955,4357.746547468811,335,8.86466503775158,1
2026-01-10 05:30:00,1.7919640926629818,23.79001714786063,4268.468412782137,86,3.5653330605454148,0
2026-01-10 05:45:00,1.3203539546064702,39.10670222566758,4982.8561997327915,251,7.519945175619565,1
2026-01-10 06:00:00,1.7953274153461547,24.91982550629709,4568.248762719616,180,5.594013155457842,1
2026-01-10 06:15:00,2.054351790291454,31.063911877927428,4690.790325213521,207,6.436923044585883,1
2026-01-10 06:30:00,1.910241090598682,29.130057120699707,4253.377196451622,344,8.993131658111668,1
2026-01-10 06:45:00,1.753637015553649,10.955468161542395,4134.214660043342,149,4.096626673095173,1
2026-01-10 07:00:00,2.033337344794577,34.145657733053895,4329.165067652367,71,3.9822712908317297,0
2026-01-10 07:15:00,2.0846477952228364,29.723172043650305,4462.793583783001,121,4.73886946330964,0
2026-01-10 07:30:00,2.1910794955187636,32.06614911739672,4180.733997954795,253,7.53138183939186,1
2026-01-10 07:45:00,1.8243549437948214,59.409901651490614,4497.046557404885,93,5.606689652326893,1
2026-01-10 08:00:00,1.4164409598415728,11.327096484011292,3993.44844357945,256,6.162835010568356,0
2026-01-10 08:15:00,1.5733568432166614,41.79757319808887,4163.985773259038,254,7.692196123673988,1
2026-01-10 08:30:00,,25.700419844797157,4701.273374483062,352,9.190430977438416,1
2026-01-10 08:45:00,1.091532164506382,30.298631235224075,4681.137156083369,288,7.538676531605701,1
2026-01-10 09:00:00,1.6843366544364506,27.635902037590064,4382.43697038394,309,8.209631310560662,1
2026-01-10 09:15:00,1.3033305938363196,24.606109332815652,4194.670707276914,59,3.178282341433098,0
2026-01-10 09:30:00,1.5143724114674086,23.44133657408993,4191.778934542197,69,3.022962047006208,0
2026-01-10 09:45:00,2.1392259313036495,30.636069884584074,4388.019526217606,86,4.064519630757592,1
2026-01-10 10:00:00,1.5955495340099517,15.862610426626567,4693.355547493587,274,6.699061054566332,1
2026-01-10 10:15:00,1.5232182740780744,34.004633340174124,4778.473707403297,227,6.826146170817722,1
2026-01-10 10:30:00,0.8200719295100404,24.670444760917967,4351.040479355409,81,3.3782046526764455,1
2026-01-10 10:45:00,1.8731267830136105,,4153.952272204565,114,4.0239147212683415,1
2026-01-10 11:00:00,1.8227420905705376,24.39989713603349,4580.3530913599,184,5.567713762117792,1
2026-01-10 11:15:00,2.58162736165273,38.05719373490058,4252.939508812246,280,8.753651695933232,1
2026-01-10 11:30:00,1.3461108825234995,23.717319303870216,4344.52420834164,322,7.990075057251071,1
2026-01-10 11:45:00,1.6095751638319695,30.867628945676962,4897.582827131111,318,8.592605828792339,1
2026-01-10 12:00:00,1.6246918418553777,22.152349794276212,4748.13462856973,54,2.843985505165256,0
2026-01-10 12:15:00,2.2887266398817374,34.06337479938895,4547.392293675435,197,6.533956927831101,1
2026-01-10 12:30:00,1.452352233806524,33.484061910321635,4118.424299666183,293,8.195853136411577,1
2026-01-10 12:45:00,1.6395107628851697,42.788870666371295,4563.418970241198,293,8.537049897645103,1
2026-01-10 13:00:00,1.8039482548582697,26.595488436006278,4818.797187236258,291,7.902615987130855,1
2026-01-10 13:15:00,1.5933045615781791,33.34923843806325,4387.309900270339,180,5.923349578810886,1
2026-01-10 13:30:00,1.276783192724736,28.784540316311556,4905.334226996015,222,6.302839026594102,1
2026-01-10 13:45:00,1.5970449964491538,38.366974254904115,4887.823586855462,274,8.2321662693666,1
2026-01-10 14:00:00,2.036815874929886,22.249340899130157,4999.1198496430425,244,6.789009668592298,1
2026-01-10 14:15:00,0.9867423502944699,33.96004250301825,4591.572937959406,154,5.158834028049229,1
2026-01-10 14:30:00,1.566484837073438,26.442421631066548,4676.217509941804,304,7.925947298853129,1
2026-01-10 14:45:00,1.1499395925304134,27.486494583132018,4924.256186499327,273,7.277966521057128,1
2026-01-10 15:00:00,2.0975233144624212,28.734019875586984,4634.218181120693,135,5.209185780246216,1
2026-01-10 15:15:00,0.7384065476081126,30.01792317141342,4349.6297676629365,313,8.030987591616757,1
2026-01-10 15:30:00,1.2205390763642059,27.070167655024335,4365.4371490416415,8,2.053594207598264,0
2026-01-10 15:45:00,1.6886059375322604,29.71770546536421,4571.566486132122,128,4.816382421480466,0
2026-01-10 16:00:00,2.28276201461717,40.624944460497474,4112.831573416134,56,4.046211797757732,1
2026-01-10 16:15:00,1.4671248694635062,35.88359748492175,4457.0223253907425,126,4.8600707918031105,1
2026-01-10 16:30:00,1.2224002366534008,34.953236739975175,4828.964135469076,159,5.463848319782736,1
2026-01-10 16:45:00,,24.355683791809035,3842.623844650416,59,3.3498897665901293,1
2026-01-10 17:00:00,0.775993049791878,20.886073374173407,4960.344630538354,58,2.481516381346795,0
2026-01-10 17:15:00,0.40059702168995903,35.642404465902025,4836.712265610948,140,4.836348021397032,1
2026-01-10 17:30:00,1.7200072250266663,35.008374340238355,4362.070615250857,176,5.95147929833128,1
2026-01-10 17:45:00,1.2489728878236943,39.78136540600786,4663.017248361542,108,4.769981409256345,1
2026-01-10 18:00:00,0.9893835914346434,23.168154992246166,4500.944318071898,211,5.7649685173618535,1
2026-01-10 18:15:00,1.8541782236496767,26.163610757117223,4868.997110531605,74,3.398132271480463,1
2026-01-10 18:30:00,1.6219003568855994,14.884126699796527,4794.804942830982,167,4.390386942460701,1
2026-01-10 18:45:00,1.2179606846316358,24.860231151513016,4079.9787830450973,357,8.686380986743037,1
2026-01-10 19:00:00,0.8598478006645528,35.97256408463558,4676.178724039253,304,8.055971277871175,1
2026-01-10 19:15:00,1.9362286641400723,24.268036966174417,4438.311643907025,233,6.67454710704754,1
2026-01-10 19:30:00,1.8251005889793306,33.12383836160659,4524.84977115543,327,8.829098884350648,1
2026-01-10 19:45:00,1.4504120681103085,26.475975152017508,4281.548429709055,182,5.346550447238583,0
2026-01-10 20:00:00,2.423318498023833,30.592456225772484,5024.441120736251,122,4.925859641650664,1
2026-01-10 20:15:00,0.9649576168369237,18.81846888147466,4812.018545970773,334,7.898723684095416,1
2026-01-10 20:30:00,0.7372374145376306,28.68167559707121,4278.06865080811,203,5.83528865946101,1
2026-01-10 20:45:00,1.1540459650593777,4.070912232794214,4099.61681792693,29,1.2889908623901447,0
2026-01-10 21:00:00,1.477206991822251,26.50483073470412,4384.2982107066455,202,6.010532961682425,1
2026-01-10 21:15:00,1.6216697246613458,14.956214050278879,4630.3507938273915,93,3.000650539649072,0
2026-01-10 21:30:00,1.3793819710718351,37.64795613237453,4572.061753183867,329,9.01869150768545,1
2026-01-10 21:45:00,1.6760276982571485,34.21925882211609,4875.939847430473,356,9.48923378040186,1
2026-01-10 22:00:00,0.874230287904778,31.73336785572865,4736.975916654255,176,5.334196079970564,1
2026-01-10 22:15:00,2.22188230203663,40.16804981727504,4790.870707725872,330,9.28341233542476,1
2026-01-10 22:30:00,1.4589244108037156,20.408667833401303,4598.056620183132,211,5.8131346638778085,1
2026-01-10 22:45:00,2.058647915794064,41.97890558332446,4083.2103809367027,184,6.708816050859469,1
2026-01-10 23:00:00,1.671362673188852,35.45753251408308,4441.290440655929,95,4.083245934722167,0
2026-01-10 23:15:00,1.728376609576892,26.10755770224843,4818.0269219726,273,7.3734764416527785,1
2026-01-10 23:30:00,1.784883640116102,37.084961177463555,4484.543121442606,137,5.321355026218234,1
2026-01-10 23:45:00,1.7238542800086574,19.149651900706928,4650.927110587124,237,6.4995163064581725,1
2026-01-11 00:00:00,1.821361379933772,21.40388670777861,4404.37550542616,353,8.827501735944308,1
2026-01-11 00:15:00,2.1645762650662155,23.131282214082397,4191.056445437446,265,7.5154949115336835,1
2026-01-11 00:30:00,1.598260584850735,23.768178335487878,4462.996780786167,135,4.3481824967866665,1
2026-01-11 00:45:00,1.8545018787942562,19.547538857917978,4592.714232909796,144,4.397483902249706,1
2026-01-11 01:00:00,1.4551321528563865,37.7846645367626,4303.2936841615665,19,2.9530575929530536,0
2026-01-11 01:15:00,2.220058607724736,25.929164797041345,4429.286626542999,231,6.569519257739285,0
2026-01-11 01:30:00,1.161803848970365,30.820039746855038,4218.161027404205,134,4.731876760560963,0
2026-01-11 01:45:00,2.4004702164554077,23.437189068690557,4835.773475269229,114,4.38259429616731,0
2026-01-11 02:00:00,1.4799210246778283,13.435173595611863,4411.66327272359,139,3.953627029407725,1
2026-01-11 02:15:00,0.7846124489409759,30.160458867131375,4935.826663537855,125,4.279201202086072,0
2026-01-11 02:30:00,1.5640522074553946,12.701960196641785,4958.624355162273,204,5.211811703451303,1
2026-01-11 02:45:00,1.1594741712625596,27.45092763131625,4475.686210583477,61,3.0245026445292087,0
2026-01-11 03:00:00,1.920321774494362,17.053479689337514,4197.465380235795,250,6.6225446277001065,1
2026-01-11 03:15:00,1.1736880103488045,43.89820799384646,3874.230636679999,298,8.582763406187231,1
2026-01-11 03:30:00,1.2769082833926102,35.29090177739777,4058.3888780919624,13,2.476814774008805,0
2026-01-11 03:45:00,0.5552296345272345,28.846030330171843,4087.849552530402,255,6.789807069823541,1
2026-01-11 04:00:00,1.2738468403754617,38.10965342123735,4913.540888238452,85,4.2809785867915355,1
2026-01-11 04:15:00,0.28806033668552167,21.229472180274115,4534.747376168084,20,1.550077403489675,0
2026-01-11 04:30:00,0.7080485882571383,32.347835029360745,4616.881357227597,50,2.9826102372713144,0
2026-01-11 04:45:00,1.8802073280721487,29.59848346974971,3833.8736973194623,164,5.415389404915811,1
2026-01-11 05:00:00,1.892900079325416,,4140.610071234822,92,3.9693599341811474,1
2026-01-11 05:15:00,1.7127287808924825,38.17882800085414,4766.123932933886,88,4.3993644511311025,1
2026-01-11 05:30:00,1.0165119284353934,33.85993682223842,4586.032233714775,69,3.4562481581277433,1
2026-01-11 05:45:00,1.47614432192901,30.309789302600187,4455.838416394321,37,2.958896928065922,1
2026-01-11 06:00:00,1.4981987304547157,14.76090051017363,4669.452707580037,253,6.529866869259945,1
2026-01-11 06:15:00,0.9208176554037286,20.31962963776429,4990.739341840745,252,6.508217028292455,1
2026-01-11 06:30:00,2.2516991508835753,27.018328531234207,4433.687260938885,140,5.133331919955159,1
2026-01-11 06:45:00,1.9386811452878356,28.746978994213208,4520.810940797421,355,8.970285099266498,1
2026-01-11 07:00:00,1.389517913085168,18.95837020260861,4557.779075619392,168,4.9081779253212,1
2026-01-11 07:15:00,1.5134429194972654,,5217.632890582197,54,4.136335820976776,1
2026-01-11 07:30:00,1.6041914039737764,40.13115244202858,3870.1931206742925,178,6.081055923474764,1
2026-01-11 07:45:00,0.4791325657878547,32.816946563139865,4704.966904436642,297,7.773377605631115,1
2026-01-11 08:00:00,1.3764113087397016,28.576294890269956,4465.559325372281,301,7.895106446575156,1
2026-01-11 08:15:00,1.1590078760011007,26.302328240790786,4670.031517855254,359,9.061470621920067,1
2026-01-11 08:30:00,0.9991899950525422,20.384652319822116,4302.7882338015825,106,3.443308807504473,0
2026-01-11 08:45:00,1.3594498535570225,28.6198441481509,4485.310490742465,137,4.635485938136689,1
2026-01-11 09:00:00,2.3988432634247614,30.062020321142004,4713.423173839648,190,6.216233304821404,1
2026-01-11 09:15:00,1.820421430633505,18.065915396147005,5433.873060313153,128,4.41640536425078,1
2026-01-11 09:30:00,1.2144105051086016,30.67341133795918,4742.410856820621,342,8.95990199594902,1
2026-01-11 09:45:00,1.7862913906780793,26.75792760940201,4245.580320590848,47,3.153673322632721,0
2026-01-11 10:00:00,2.199677718293001,12.737539536980872,4372.872095393189,5,1.43543607861822,0
2026-01-11 10:15:00,1.9623168414563845,21.116919913763986,4363.975767484844,257,6.853843257653496,1
2026-01-11 10:30:00,1.5298151849600872,24.691155732626846,3961.3070482109956,300,7.980341824987147,1
2026-01-11 10:45:00,1.176531611147213,43.10150125872153,4400.972942489569,150,5.449671592572294,1
2026-01-11 11:00:00,1.849111656806795,32.45242499627007,4719.848724546524,294,8.175097495451256,1
2026-01-11 11:15:00,1.6967426927108749,17.31614744720087,4117.730364276961,243,6.61003858350718,1
2026-01-11 11:30:00,1.9475966100138662,31.888290315341095,4814.544795315178,275,7.777106686742133,1
2026-01-11 11:45:00,,15.621568088493076,4646.332446325301,208,5.486013019489525,1
2026-01-11 12:00:00,2.0247763576596673,36.661528431096585,4279.730003408688,115,4.94773441505633,1
2026-01-11 12:15:00,1.232382394219716,24.231002785456973,4457.541108798646,195,5.42652879954461,1
2026-01-11 12:30:00,2.158697032817163,27.250910490086632,4979.49654229231,343,9.20974934492849,1
2026-01-11 12:45:00,1.5987998023461998,38.60637318033752,4720.06434405176,170,5.880352705006387,1
2026-01-11 13:00:00,2.5376304363126327,17.702691451326,4502.635096469445,82,3.4306628442001617,1
2026-01-11 13:15:00,,16.82305451909607,4428.695004911705,154,4.386253397603291,1
2026-01-11 13:30:00,2.367981901582625,23.33120538923196,4522.982721135498,141,4.893309244847102,1
2026-01-11 13:45:00,1.598955391731324,36.307030808154536,4346.470932617309,314,8.760168616468338,1
2026-01-11 14:00:00,1.1742909981927758,15.84523139618526,3868.5751482842957,146,4.234128414026643,1
2026-01-11 14:15:00,1.2580570829728392,5.342755215115449,5112.6533731604195,323,7.208631819597219,1
2026-01-11 14:30:00,1.3398263459028399,24.39072913272801,4546.5974997598205,122,4.079322133998933,1
2026-01-11 14:45:00,1.7120829732009581,32.41392639928736,4619.444179536761,252,7.418580337751228,1
2026-01-11 15:00:00,1.7614177440177499,37.602093997910636,4482.627675036927,343,9.375330815692399,1
2026-01-11 15:15:00,1.2131499980307106,24.29470910331681,4279.464959782624,311,7.8330865569275545,1
2026-01-11 15:30:00,1.4878227038695087,24.70858714307198,4444.222655715369,89,3.6248245002170076,1
2026-01-11 15:45:00,2.571135179305932,37.231205874045976,4020.181571341707,58,3.8571481234991047,0
2026-01-11 16:00:00,2.3637715850503556,13.042066402436635,5183.125949415991,63,2.896699557456679,0
2026-01-11 16:15:00,,24.891833798535927,4129.646400473282,347,8.891432624250022,1
2026-01-11 16:30:00,1.5190017390841002,29.52339111940046,4190.410114845846,308,8.355952215630966,1
2026-01-11 16:45:00,1.5600156633591307,31.593749770280276,4367.92223868408,280,7.753654539899228,1
2026-01-11 17:00:00,1.8067589863652083,23.92154645447294,4886.422717455714,72,3.491264070471957,0
2026-01-11 17:15:00,0.9886037174007972,28.27552809364673,4504.352699778796,9,2.042182181692843,0
2026-01-11 17:30:00,1.3713117312883274,8.093381172696084,4129.159261190861,94,2.8305148337058115,0
2026-01-11 17:45:00,0.6657079630612053,22.734012701329213,4876.301508227202,339,8.364653412841546,1
2026-01-11 18:00:00,1.6996115613026397,31.628069700435738,4719.300188035644,336,8.990769382627521,1
2026-01-11 18:15:00,1.8235979698513705,20.141647725962564,4661.530487164936,152,4.724684841475912,1
2026-01-11 18:30:00,1.258406768850313,28.47187377271678,4714.720272351252,356,9.059340395483114,1
2026-01-11 18:45:00,2.2869933816450163,31.574980006421583,5218.308570174735,40,3.2396494362676878,1
2026-01-11 19:00:00,0.8871171684988294,25.25960639313788,5155.528468510834,359,8.835191855115895,1
2026-01-11 19:15:00,0.7678125598950899,29.363710167972567,4293.985397099012,62,3.1473792605564146,1
2026-01-11 19:30:00,1.612225909279986,20.2981394777231,4987.165497843345,254,6.738996934349224,1
2026-01-11 19:45:00,2.023549151306077,26.34710976243163,4614.9504569276705,69,3.5157891146513447,1
2026-01-11 20:00:00,2.3419638457289342,32.88172935671378,4649.728744841324,245,7.560655125580191,1
2026-01-11 20:15:00,1.2705578685655299,,3992.3187505070014,170,5.489736334224399,1
2026-01-11 20:30:00,2.039340416715648,23.307749843488516,4448.884270383542,178,5.495860132339103,1
2026-01-11 20:45:00,1.4807457652496463,29.793731234326344,4256.15292289903,189,5.879218468436539,1
2026-01-11 21:00:00,1.4136863500295902,33.71687832509294,4748.417644467992,260,7.5315446870111575,1
2026-01-11 21:15:00,1.9418299687433362,11.600469771380176,4821.324150120841,72,2.829750701674047,0
2026-01-11 21:30:00,1.8261614392067098,37.27259251964718,3877.6540946951063,17,2.74788525808818,0
2026-01-11 21:45:00,0.7118039215078753,25.309962090551423,4493.389540798719,341,8.468492369121863,1
2026-01-11 22:00:00,2.238270174862948,31.40391946592184,4836.558451438275,57,3.6577921747126454,0
2026-01-11 22:15:00,2.1900456770737255,37.57797538916182,4443.996311305967,218,7.174311914308262,1
2026-01-11 22:30:00,1.1872186492452352,17.026610422156274,4718.719093500709,107,3.347002908040572,1
2026-01-11 22:45:00,1.6979017667187044,22.324471980579627,4605.349640288126,304,7.8906232991866805,1
2026-01-11 23:00:00,1.7470150931413695,25.691610432994363,4602.498069585788,173,5.527721082246728,1
2026-01-11 23:15:00,1.6303368829119536,21.729971831004573,4418.605506579511,219,6.03057528422469,1
2026-01-11 23:30:00,1.2248474230772899,41.87949260669447,4135.025758759287,247,7.461859144581202,1
2026-01-11 23:45:00,1.1641883160309743,21.145823249385657,4163.5409557724915,218,5.969014400988432,1
2026-01-12 00:00:00,1.4872229645042774,23.555625764105066,4712.805754336595,31,2.3259602115298983,0
2026-01-12 00:15:00,2.086364509629682,29.635112252823813,4505.837476655665,47,3.2354505287385096,0
2026-01-12 00:30:00,1.7718000772972162,18.38280379139129,4458.446326617833,134,4.204398354577727,1
2026-01-12 00:45:00,1.314692833956947,24.83455430594989,4372.832987303294,108,4.10959870561219,0
2026-01-12 01:00:00,1.8858493553241724,30.539626090001402,4408.443346355774,72,3.773383323146595,1
2026-01-12 01:15:00,0.07572868968496227,25.33711676493991,4814.073538346442,327,7.811607816450364,1
2026-01-12 01:30:00,2.0743828501860517,27.252905128800414,4399.426775439592,108,4.308160877461221,1
2026-01-12 01:45:00,0.6301431106109502,,4097.680586009529,309,7.497487936950293,1
2026-01-12 02:00:00,1.318779529298434,15.884237526553864,4723.095532662052,272,6.75071367892426,1
2026-01-12 02:15:00,0.9401650526869281,30.57274569071391,4438.537000840585,171,5.391209113729471,1
2026-01-12 02:30:00,0.8526592621395471,42.03946457317793,4509.418759659833,116,4.682055523787042,1
2026-01-12 02:45:00,2.08041339368926,28.147213046267506,4982.273491919853,329,8.830080121918717,1
2026-01-12 03:00:00,1.2661493993440542,,4493.831832794848,74,3.4398272291717396,0
2026-01-12 03:15:00,1.673251940865358,33.541782040934876,4586.755101935618,256,7.604401471350437,1
2026-01-12 03:30:00,1.476539710560408,17.84535602762641,4146.322952610502,81,3.0392138092079306,0
2026-01-12 03:45:00,1.7385204136115608,41.620117265036846,4434.099164294712,268,8.21412961614015,1
2026-01-12 04:00:00,1.5384109455301276,29.618630371382416,4682.85781356258,128,4.795698156375509,1
2026-01-12 04:15:00,0.8585038879057152,41.05485519271287,4033.387879847627,326,8.878431254420173,1
2026-01-12 04:30:00,1.99813340972357,22.135736035808087,4560.253527934713,235,6.547182420914808,1
2026-01-12 04:45:00,1.2531217084193438,42.5444953804626,4530.237321793442,41,3.5407436842433304,0
2026-01-12 05:00:00,0.7217090506701245,34.20124395227826,4512.386236676231,181,5.440623426441779,1
2026-01-12 05:15:00,1.2859424195170437,32.42432068681887,4811.1476695974725,157,5.318652466058027,1
2026-01-12 05:30:00,2.250379895317155,29.872195634825182,4600.331554454557,59,3.4162295605843735,1
2026-01-12 05:45:00,1.9251108710567464,26.011771055404406,4943.421569506933,345,9.092874067709552,1
2026-01-12 06:00:00,1.3256739327960705,37.60425326779098,4201.923145321789,249,7.365272602062144,1
2026-01-12 06:15:00,1.3253711478407857,29.122878958784376,4540.777370165504,192,5.817214598001306,1
2026-01-12 06:30:00,1.3391824743913088,12.263442371302782,4525.340035916985,24,1.5564201873858947,1
2026-01-12 06:45:00,2.5383739917804204,19.06250830634398,4179.223651873476,80,3.4102042857021457,0
2026-01-12 07:00:00,1.6909677261157767,26.513233982458022,4786.888500627404,134,4.808634833332417,1
2026-01-12 07:15:00,1.7150208235955349,30.47999186532444,5197.401991755845,213,6.452902171868507,1
2026-01-12 07:30:00,2.015141727015921,27.547292088800834,4494.898177654851,348,9.464298155917213,1
2026-01-12 07:45:00,1.6193945795132567,,4651.50632648213,166,5.774327967416811,1
2026-01-12 08:00:00,1.3704789270896485,12.391185087691001,4525.355542744598,348,8.06308141256215,1
2026-01-12 08:15:00,1.4018250754575108,29.14870349204128,4285.924599027847,337,8.668440793318071,1
2026-01-12 08:30:00,1.464199370292968,13.456166196902762,3953.771916659395,71,2.660872002041857,1
2026-01-12 08:45:00,1.481388881745079,34.077698363873345,4288.26795507139,214,6.733962261670142,1
2026-01-12 09:00:00,1.8638147718184899,27.244330284463977,4082.4124857144807,65,3.508756156627964,0
2026-01-12 09:15:00,1.5259729429036497,31.356879776192944,5011.230623417735,221,6.447777782612648,1
2026-01-12 09:30:00,1.8663200386077896,21.08893631528187,4465.467091823029,308,8.081386838786928,1
2026-01-12 09:45:00,1.4596417099457089,38.23571945326201,4396.224201285849,286,8.283921785253497,1
2026-01-12 10:00:00,1.5393175951580453,36.33379731247081,4766.746147436342,185,6.180555686351941,1
2026-01-12 10:15:00,0.5008996577339462,32.6683544240951,4163.474669143234,207,5.90535350095429,1
2026-01-12 10:30:00,1.9581638373512407,26.963862025092475,4269.940788598635,99,4.050467606332379,1
2026-01-12 10:45:00,1.6732442379489965,32.638858282361056,4520.421680774586,242,7.154947332620211,1
2026-01-12 11:00:00,1.9990050549298262,22.344859456101208,4808.630697427044,158,5.021528728574163,1
2026-01-12 11:15:00,0.05187231090315536,34.8444452721657,4650.505513550636,98,3.8542343863784607,1
2026-01-12 11:30:00,2.544187352390364,41.19584715459137,4574.497542754764,42,3.857871731073148,1
2026-01-12 11:45:00,1.4302051859224132,36.56488447983349,4523.435320570805,139,4.985649861077811,1
2026-01-12 12:00:00,2.054091408368758,22.163180241540722,4620.070756658032,283,7.459649881088252,1
2026-01-12 12:15:00,0.9800470364372346,30.891338538184822,4560.495871538777,227,6.352789404201648,1
2026-01-12 12:30:00,1.8063869525312848,17.654867649930818,4191.00831756692,72,3.018963356146722,0
2026-01-12 12:45:00,0.9732922184131719,32.57912248940541,4513.823766489945,243,6.899879615192472,1
2026-01-12 13:00:00,,31.60482730290031,4177.893402324674,18,2.420867616673384,0
2026-01-12 13:15:00,2.457015676933393,13.041469283742687,4524.3247628702475,77,3.220970634729694,1
2026-01-12 13:30:00,1.4046587996183266,18.70572924870109,4355.805617553528,45,2.371921979877317,0
2026-01-12 13:45:00,1.6087164365898614,25.73488882604986,5261.814486834858,343,8.768540316464374,1
2026-01-12 14:00:00,1.935033865344377,25.59312202287339,4488.031684874486,140,5.028855644711624,1
2026-01-12 14:15:00,1.7478409439863023,18.32418451664956,4078.7281301215235,177,5.275881360553087,0
2026-01-12 14:30:00,1.5752094525717881,31.11182983481747,4459.745936796922,222,6.666505320960046,1
2026-01-12 14:45:00,1.6824805012331128,30.011788871524097,4655.807623691367,92,4.105248691637172,1
2026-01-12 15:00:00,,26.445846944171844,5002.009183845757,22,2.6503539477068774,1
2026-01-12 15:15:00,1.4711906014832072,21.953667998733096,4323.1642800183845,172,5.043905778638393,1
2026-01-12 15:30:00,1.6005495233574838,36.38965701133251,4025.271607792908,92,4.256482308509073,1
2026-01-12 15:45:00,2.025327198003806,41.243256904706364,4745.051103429294,192,6.63121712823494,1
2026-01-12 16:00:00,2.052762966478992,24.131508129227704,4085.8203882301045,77,3.413106862172129,0
2026-01-12 16:15:00,,23.102664662761434,4369.153367547755,281,7.654593674506727,1
2026-01-12 16:30:00,1.8193651110145923,31.92966132329597,4422.713854346702,364,9.742803886499097,1
2026-01-12 16:45:00,0.9284975436347582,25.135764962024112,4479.109964009967,179,5.206906293255173,1
2026-01-12 17:00:00,2.3167157661505478,26.884822394694126,4706.749337122301,238,7.095745630758324,1
2026-01-12 17:15:00,0.926827303490656,33.91722521379737,4294.909715314084,135,4.7623387866873745,1
2026-01-12 17:30:00,1.6513177326195165,12.725151299941658,4417.8812243499715,280,6.852620777077216,1
2026-01-12 17:45:00,1.122862074990321,38.546418598821354,4495.7188941151835,19,2.8483854158389685,0
2026-01-12 18:00:00,1.4679308267035038,28.58144419463473,4544.879387255636,83,3.533425446332381,0
2026-01-12 18:15:00,1.6643812051517402,24.70805484350256,4529.348152412377,228,6.274814949641268,1
2026-01-12 18:30:00,1.6606786077251365,27.28612676622841,4630.801732566774,265,7.184347799210433,1
2026-01-12 18:45:00,1.7109603771176425,27.699434840164148,4753.151852892521,112,4.394714690682874,1
2026-01-12 19:00:00,2.3068556345293234,14.150389572440597,4617.790234695291,251,6.658982843122369,1
2026-01-12 19:15:00,1.72676715075699,39.95950581962589,4636.075657052766,164,6.006335949208769,1
2026-01-12 19:30:00,1.3779216823546756,28.33060505816495,4025.333049976057,358,9.295391225195873,1
2026-01-12 19:45:00,1.9820435841441786,31.544017043579,4515.068309749704,168,5.613684318381506,1
2026-01-12 20:00:00,2.09473524446232,35.61239816459234,4643.852264400482,221,7.1589310429309325,1
2026-01-12 20:15:00,0.8861960924315038,19.8307003395176,4718.682358371135,304,7.386381012533619,1
2026-01-12 20:30:00,1.798700034924929,31.787775192281828,4292.294767729862,191,6.07403268605939,1
2026-01-12 20:45:00,1.850586371155449,25.85887127280965,4302.288217533406,325,8.541300149827823,1
2026-01-12 21:00:00,1.351218248320004,34.77416620173195,4327.7697974149205,170,5.702969234982585,1
2026-01-12 21:15:00,2.18785340665581,10.982180637188037,4660.924169967403,45,2.303196180564402,1
2026-01-12 21:30:00,1.4249722064837367,27.207245598069846,4810.164316477262,14,2.2713825926031506,0
2026-01-12 21:45:00,1.5627882267357711,23.177434753728306,4377.761967812519,231,6.412511336061832,1
2026-01-12 22:00:00,1.413464087858065,31.458103605073244,4772.388694088115,157,5.258357653721642,1
2026-01-12 22:15:00,1.5077895237907337,31.760353498945616,4537.043942749378,134,4.829505070885596,1
2026-01-12 22:30:00,,22.338992841423792,4462.714266851269,37,2.2615292712639143,0
2026-01-12 22:45:00,0.7799745587028528,22.30260908659165,4436.58473105461,53,2.3514544950661134,1
2026-01-12 23:00:00,2.297252531612486,27.114677051541364,4723.983409380648,18,2.527188482224064,1
2026-01-12 23:15:00,1.076519325840836,20.826862181478333,4597.673345036121,38,2.195205832490633,1
2026-01-12 23:30:00,1.0043038252718464,34.735869563617015,5182.747628294292,187,5.933002514258549,1
2026-01-12 23:45:00,0.4233049431981426,25.04634239642043,4244.332607100803,196,5.555924109472764,1
2026-01-13 00:00:00,1.1805191261552488,4.744094245426869,4655.430510608992,243,5.553479799145083,1
2026-01-13 00:15:00,0.8384551032962508,25.001423547025553,4341.239697056546,300,7.408030089536203,1
2026-01-13 00:30:00,2.3210075800681844,19.691649433248223,4239.213903903406,303,7.893960752726455,1
2026-01-13 00:45:00,2.0049085446713173,14.949793476312436,4496.7398588895085,35,2.315342276643372,0
2026-01-13 01:00:00,1.155924827411138,18.10058689421942,4541.205743822111,215,5.570371064780531,1
2026-01-13 01:15:00,2.6262179026721544,28.87526777466376,5375.452066518028,219,6.7436760240142055,1
2026-01-13 01:30:00,1.9908827434957972,38.62912662598585,4444.756255295039,316,9.11317631885902,1
2026-01-13 01:45:00,1.3375843082456889,30.50547579091984,4160.946381154595,90,3.9067955189335586,0
2026-01-13 02:00:00,0.25029714256321345,23.147972894274083,4581.903215248316,308,7.27026342746331,1
2026-01-13 02:15:00,,31.64723356136562,3877.6079887360893,252,7.5910508580408615,1
2026-01-13 02:30:00,,24.327277518248067,4472.41296521872,8,1.8229164002414335,0
2026-01-13 02:45:00,0.6773006265215541,22.44319704669484,4504.807584688549,256,6.598364529952797,1
2026-01-13 03:00:00,2.0112852160048202,18.765098654136125,4738.380114883564,363,8.883031867528617,1
2026-01-13 03:15:00,2.7198762031696364,13.985369545986247,4792.086674828354,208,5.748330023075988,1
2026-01-13 03:30:00,2.192136409255259,24.88061034752444,4348.929114327685,131,4.767736872664413,1
2026-01-13 03:45:00,1.78195456002618,29.264427919361054,4454.81579561102,224,6.626396420454652,1
2026-01-13 04:00:00,1.797377170832643,27.22701063988088,4270.163750816799,197,6.038475589999808,1
2026-01-13 04:15:00,1.926707779390154,24.67226457642113,4161.581233557692,142,4.907762534961512,1
2026-01-13 04:30:00,1.8794642948933826,20.43403151442575,4592.968433814191,252,6.717860351939039,1
2026-01-13 04:45:00,1.640595711984688,32.86596953347975,4117.92433542102,96,4.176322208809273,1
2026-01-13 05:00:00,1.552100551975938,17.46294464042732,4375.611929828441,26,1.9240816004411614,0
2026-01-13 05:15:00,1.468703436050239,34.208223310747805,4201.447812030228,111,4.431569036659438,1
2026-01-13 05:30:00,1.123017705566662,19.9822638485862,4664.904955887077,123,3.964796193988418,1
2026-01-13 05:45:00,1.359662461566613,21.98051810117572,5040.429029779946,186,5.377297747819873,1
2026-01-13 06:00:00,0.6535215929023073,16.265718475074586,4109.523605159001,168,4.278400383903579,1
2026-01-13 06:15:00,1.450830186602625,23.988782824914907,3944.0944551307293,51,2.8722815800784467,0
2026-01-13 06:30:00,1.0057044464245413,35.80249966782383,4462.53393439498,5,2.2573997545031883,0
2026-01-13 06:45:00,0.9482053413921145,32.12502470755165,4504.709338787327,77,3.6026499126172205,0
2026-01-13 07:00:00,1.5899470755767393,35.82737689622428,4565.597792027189,160,5.5258738704472865,1
2026-01-13 07:15:00,2.1960011431722997,32.17714036747149,4366.103845429697,208,6.554688673772731,1
2026-01-13 07:30:00,1.9591583030011566,19.170641371757046,4439.80821035237,257,6.907366619598982,1
2026-01-13 07:45:00,0.7147496981884115,25.353686205379542,4610.253123162181,205,5.543938180727374,1
2026-01-13 08:00:00,1.0051859317148313,21.7584069670603,4812.129267793452,255,6.5625066039647715,1
2026-01-13 08:15:00,1.970385593994108,38.64459923231232,3913.485368904515,11,2.819376852977332,1
2026-01-13 08:30:00,1.0087563032308453,18.42569082858951,4389.3181682905615,8,1.4456500894146487,1
2026-01-13 08:45:00,1.3876834250014878,35.149581515112885,4564.142638182319,32,2.94936702257575,0
2026-01-13 09:00:00,1.775026049512276,35.143630960870155,4224.607168616779,28,3.028717761338494,0
2026-01-13 09:15:00,1.0158277725681824,42.6369616137287,5019.35088953019,206,6.621704462587074,1
2026-01-13 09:30:00,1.55268775307298,24.722507258964022,4309.3770359313785,228,6.450535494209207,1
2026-01-13 09:45:00,0.8329872525408978,33.698577276641295,4487.612193897815,128,4.592903669399628,0
2026-01-13 10:00:00,1.199316178024393,46.25321469231074,4666.806629052688,255,7.883450539451615,1
2026-01-13 10:15:00,1.6598909670712685,23.058866584530428,4322.6145633594315,212,5.994314662783919,1
2026-01-13 10:30:00,0.7035031332341654,15.719678019741123,3946.028085658675,239,5.9542095292385735,1
2026-01-13 10:45:00,1.7202373689801995,12.95991972873789,4371.40364192504,207,5.514719654852234,1
2026-01-13 11:00:00,1.4901811005366594,33.70169623089065,4808.832166778112,318,8.537546365369996,1
2026-01-13 11:15:00,1.7762449772085738,12.93479833553133,4398.931461964458,283,7.082126295229046,0
2026-01-13 11:30:00,1.6119570670323307,25.021447576496616,4246.069709562306,245,6.883404569333031,1
2026-01-13 11:45:00,2.182070214986922,31.498505496311687,4777.701662850816,45,3.3395968848811353,0
2026-01-13 12:00:00,1.5626122513239535,29.48140429463931,4400.767531193084,105,4.197606382654087,1
2026-01-13 12:15:00,1.2852972294373735,31.40355891347338,4346.9517559049345,348,8.838409769510298,1
2026-01-13 12:30:00,1.561148751516142,29.778318846406833,4544.8368268989925,281,7.649031335261126,1
2026-01-13 12:45:00,1.771649014518194,38.230926506507146,4731.225062885636,234,7.3845753727679,1
2026-01-13 13:00:00,1.5244300351628521,20.381468954089623,5214.514059519764,189,5.3305831419493686,1
2026-01-13 13:15:00,1.520295845601941,22.584038892331748,4748.170832297227,44,2.6013360906392267,0
2026-01-13 13:30:00,1.1490041560966224,21.81872443783341,4847.951989916503,225,5.964675871323743,1
2026-01-13 13:45:00,1.168549541224526,34.64153449490088,4348.210140303643,142,5.062578099718027,1
2026-01-13 14:00:00,0.7986973641001532,35.20318870716051,4192.239568209157,136,4.839012636512376,1
2026-01-13 14:15:00,2.3747883715934694,31.609802554548065,4518.699404885737,176,6.092452942538309,1
2026-01-13 14:30:00,0.8780683823043575,37.46794933511942,4532.1509745778785,142,4.950688723717044,1
2026-01-13 14:45:00,1.1535474011020463,18.575673060988954,4176.446177590621,80,3.0008728241739218,0
2026-01-13 15:00:00,1.1407963672154013,41.3377928924091,4447.411641028796,82,4.320865167638805,1
2026-01-13 15:15:00,1.9474621884722207,40.18590897369806,4619.795280515739,135,5.563129197922257,1
2026-01-13 15:30:00,1.352525160853986,33.88497597796597,4608.118018505424,207,6.384591986849001,1
2026-01-13 15:45:00,2.123871036336867,42.25439127016848,4651.286356015282,344,9.649170543856068,1
2026-01-13 16:00:00,1.1632546878780659,14.74701433857781,4587.289419041233,177,4.717716944269138,1
2026-01-13 16:15:00,1.639497081111901,23.804414909898785,4347.897402218983,243,6.870656136004461,1
2026-01-13 16:30:00,1.0823264733701214,22.117572314544383,4345.829812005347,55,2.770669888676578,0
2026-01-13 16:45:00,2.572574563886694,33.771834590058745,4140.314580601837,141,5.583763387536262,1
2026-01-13 17:00:00,0.9062007904852436,19.598874083182835,5035.432511755528,56,2.3904909791437605,0
2026-01-13 17:15:00,1.6549103551135138,34.05996119469988,4504.035109385788,15,2.6701901000249446,0
2026-01-13 17:30:00,1.8168884404660492,38.96428915197371,4432.544083261544,185,6.452317917123658,1
2026-01-13 17:45:00,1.7068995487257492,33.561623200671995,4221.362375564262,314,8.734894898886827,1
2026-01-13 18:00:00,1.407356170561146,30.27000818929201,5380.6973706983335,88,3.867704908253642,1
2026-01-13 18:15:00,1.4350896501332868,20.09701327279401,4178.001590333131,97,3.6043904919647805,0
2026-01-13 18:30:00,1.5219057359895547,21.225192270997084,4371.345622318178,144,4.5441526499793925,1
2026-01-13 18:45:00,1.4264989991857557,37.996951242373335,4624.751050885819,8,2.620156495483903,1
2026-01-13 19:00:00,1.9819395583974548,34.23479203124266,4680.063889723283,215,6.758623922743915,1
2026-01-13 19:15:00,2.6052615007956756,27.687843844979646,4787.379616564705,173,5.928950475804086,1
2026-01-13 19:30:00,1.2212541074960832,24.656723633872875,5042.282552330779,223,6.28137185191546,1
2026-01-13 19:45:00,0.8150985102104611,11.793537015108985,4651.847296638213,40,1.7865606419131823,0
2026-01-13 20:00:00,1.4558589758243725,19.43318065052449,4183.190760009999,182,5.072198974720763,1
2026-01-13 20:15:00,2.789854668827159,43.29135269711779,4422.916462463466,270,8.564062070869465,1
2026-01-13 20:30:00,1.0981627160151346,17.756355431980268,4592.349711754166,187,5.177446846356314,1
2026-01-13 20:45:00,2.3195584027220337,29.515838569768647,5120.467812451747,245,7.32127257095569,1
2026-01-13 21:00:00,2.3388504070382203,36.05955178556159,4080.6583564727107,309,8.940082567241035,1
2026-01-13 21:15:00,1.2232058791460028,17.960618655981662,4860.772951567568,231,6.026624747826487,1
2026-01-13 21:30:00,1.7844915395926377,29.477683798248666,4553.974310863925,155,5.462844755906845,1
2026-01-13 21:45:00,2.314198311564269,35.50332430008524,4751.349160568844,175,6.156217057814377,0
2026-01-13 22:00:00,1.3104361295062565,28.099994575258002,4469.40158500922,336,8.760837594133017,1
2026-01-13 22:15:00,1.398209819948819,50.94722444533414,4247.270210962102,115,5.430005852678252,1
2026-01-13 22:30:00,1.209159543025678,14.651205928974438,4725.261833820399,311,7.276172815732488,1
2026-01-13 22:45:00,0.9926216346535666,36.469828239071035,4696.329308131686,300,8.138054837813716,1
2026-01-13 23:00:00,1.1753612274669964,26.617586100828284,4791.617089721916,18,2.100320737658618,1
2026-01-13 23:15:00,0.8880298666188717,34.1753612386934,4496.008609386409,272,7.613290810028831,1
2026-01-13 23:30:00,1.517041734129613,31.530457213593966,4320.053393004046,12,2.5460693350108015,1
2026-01-13 23:45:00,1.115013384470679,22.13475042312003,4032.3639014928476,301,7.608128260022108,1
2026-01-14 00:00:00,1.616892955895374,29.83197113967472,4745.811980441822,192,5.926078411373757,1
2026-01-14 00:15:00,0.7220521768981863,13.136788388813702,4627.166844733196,232,5.4945621785949355,1
2026-01-14 00:30:00,1.6654401161072285,32.82598000457115,4210.265210140812,93,4.281233148537609,1
2026-01-14 00:45:00,1.9167644808044624,30.385267727924205,4338.427898011013,218,6.51751393782639,1
2026-01-14 01:00:00,0.5031321787142723,,4359.972356414568,278,7.40632791051819,1
2026-01-14 01:15:00,1.687028284923786,36.4649466006972,4055.1046704052746,353,9.794505765036376,1
2026-01-14 01:30:00,2.113834496236646,30.94095872167769,4254.69528101846,303,8.400603015774779,1
2026-01-14 01:45:00,0.8951794906543973,29.18471535838621,4159.850892958094,29,2.270137741213158,1
2026-01-14 02:00:00,2.336286193418852,20.951453306709663,4376.256296433619,301,7.825541340173206,1
2026-01-14 02:15:00,1.7095095046830227,22.302233890807592,4278.390750501131,77,3.5793159386966584,0
2026-01-14 02:30:00,1.1474940721207956,37.49387696141865,4011.898523739975,9,2.5485541868648056,0
2026-01-14 02:45:00,1.4721154611711469,39.49068324564783,5106.777069170845,24,2.9564727858907056,0
2026-01-14 03:00:00,1.7791634562608611,26.09511650950357,4875.762219308769,15,2.2975075460646814,0
2026-01-14 03:15:00,1.5380026957062058,28.368021978026192,4266.2941735440045,164,5.247306595407828,1
2026-01-14 03:30:00,1.7693779962231846,20.76308500004987,4581.726418996083,13,1.819549844462487,0
2026-01-14 03:45:00,1.0396632034603168,37.38205476213956,4625.239526946389,347,9.303779762836482,1
2026-01-14 04:00:00,1.5846804120180389,33.32333458953423,4857.325756432043,172,5.743420176523408,1
2026-01-14 04:15:00,0.7931427515475099,43.52973949170999,4254.418492001976,357,9.704242453076297,1
2026-01-14 04:30:00,1.44438696932565,20.973415382562088,4827.632035194728,327,8.16708060554095,1
2026-01-14 04:45:00,1.048046179267605,24.97593680785426,4335.628408737919,200,5.681139835679611,1
2026-01-14 05:00:00,1.1322350287051166,29.85156738020458,4099.241278749416,76,3.2419901422883513,0
2026-01-14 05:15:00,2.118046587605219,33.171916301806164,4717.240967794349,164,5.876599225333129,1
2026-01-14 05:30:00,2.0456550602971344,26.27465889961894,4887.227527236729,61,3.2431639938634738,1
2026-01-14 05:45:00,1.8045690604535884,21.016311276370395,5276.372692059205,245,6.589434830308509,0
2026-01-14 06:00:00,0.9538436176637105,35.05126023138857,4140.082420472936,155,5.181313228184512,1
2026-01-14 06:15:00,1.341795775152599,33.76908290036465,4709.675905524236,257,7.159304097836723,1
2026-01-14 06:30:00,2.1065488499895917,20.6698071954902,4377.05962686194,244,6.697854248984012,1
2026-01-14 06:45:00,1.5708584568199524,38.843542408843966,4735.00761315721,162,5.745302091996507,1
2026-01-14 07:00:00,2.6596647699908473,37.36158967357283,4058.853134630625,68,4.2541620447817134,1
2026-01-14 07:15:00,1.696658919697186,29.07437197798234,4121.169067290431,344,8.842264215053953,1
2026-01-14 07:30:00,1.5960245582450159,28.636782899008292,4267.237553050055,277,7.703019856604552,1
2026-01-14 07:45:00,1.3454417678987494,32.43246216892726,4523.689213700425,161,5.41960547342542,1
2026-01-14 08:00:00,1.5667704523911412,21.106375437949936,4307.675620038493,259,6.77562293331805,1
2026-01-14 08:15:00,1.423765081809728,28.24025183331266,4697.716303174026,307,8.06336398316081,1
2026-01-14 08:30:00,1.8540543383442953,10.780931643126557,4808.068385477374,335,8.064483150371357,1
2026-01-14 08:45:00,1.9783511583972921,35.011645164023484,4679.873262373607,95,4.416175218448069,1
2026-01-14 09:00:00,1.1070052697460253,15.508054220465125,4985.63629189826,246,6.014151236001293,1
2026-01-14 09:15:00,0.834383523221111,40.027358627431994,4624.747988836603,221,6.746762153651557,1
2026-01-14 09:30:00,0.5818973134483517,25.3590392482684,4134.93098689795,123,3.8519265846136044,1
2026-01-14 09:45:00,1.753995663456272,26.306664144550584,4909.012954061502,187,5.686144155197791,1
2026-01-14 10:00:00,0.9483166969130632,22.978128751323954,4318.453129318201,262,6.763170706429164,1
2026-01-14 10:15:00,0.42355470352375857,25.69568900862339,4773.125549905671,273,7.019727478331239,1
2026-01-14 10:30:00,1.6942893022654821,39.34825076118429,4972.120264966532,60,4.047460733388416,1
2026-01-14 10:45:00,2.7464997587163955,8.097530747719365,4637.006403219119,125,4.139738003010757,1
2026-01-14 11:00:00,1.4969645442300534,38.2157230887055,4051.1523560506052,337,9.242386348247058,1
2026-01-14 11:15:00,1.9192453872258208,30.704187848813664,4224.536350047062,341,9.34864252745023,1
2026-01-14 11:30:00,1.5409146792737825,18.343826817142276,4896.823340065541,51,2.609384147003456,0
2026-01-14 11:45:00,1.4505551734044286,19.397500855606097,4449.263194307155,178,5.012128258210703,1
2026-01-14 12:00:00,1.9595382414938842,41.41114421766562,4523.872060482649,139,5.643827492713121,0
2026-01-14 12:15:00,1.3548627279056744,20.43594496045815,4727.647324849083,327,8.03805067449759,1
2026-01-14 12:30:00,1.6336961570359514,18.773195915232325,4708.896858624097,170,4.867347665943209,1
2026-01-14 12:45:00,1.6608489030980067,37.09851633891783,4583.639943715638,39,3.181843000439274,1
2026-01-14 13:00:00,1.1659547731784756,30.708423010287312,4437.3994886338605,69,3.367079641968312,1
2026-01-14 13:15:00,1.9960211747682615,20.49659538770881,4406.199466280293,236,6.618658838354085,1
2026-01-14 13:30:00,1.4125201216522956,29.73299980323695,4757.369647587403,48,3.118478364402356,1
2026-01-14 13:45:00,1.1221274202535776,19.79397853087778,4666.070859320338,57,2.4540781029761822,0
2026-01-14 14:00:00,1.7682549217852017,36.80657118738084,4422.809999814663,277,8.057304659841014,1
2026-01-14 14:15:00,1.0507660091044815,36.49096771898507,4824.633693897942,338,9.053513857564552,1
2026-01-14 14:30:00,1.5140905786845642,32.25604959057554,4461.289765461065,99,4.213624570577764,1
2026-01-14 14:45:00,1.4954405016778982,30.893288489976133,4244.501347699682,15,2.5122952618746557,0
2026-01-14 15:00:00,2.042947782915789,42.08950499893899,4272.308790328996,325,9.37818499263518,1
2026-01-14 15:15:00,1.7373491164399764,27.997490619105804,4206.3777491070705,179,5.802105701041797,1
2026-01-14 15:30:00,1.4874865206274281,18.54500699663359,4418.276995018894,332,8.161820755901747,1
2026-01-14 15:45:00,1.9088831496001435,31.595791302658455,4870.117283500858,62,3.6591152385451013,1
2026-01-14 16:00:00,2.195103774508657,44.68837639629691,4258.471445690848,119,5.4543829581575975,1
2026-01-14 16:15:00,1.778905153175931,19.881924054513185,4556.5427283054305,37,2.451497358349883,1
2026-01-14 16:30:00,1.5051763099216904,25.108297866448115,4302.993196311776,134,4.377882832148234,1
2026-01-14 16:45:00,0.8440818838249202,31.331568304811622,4421.907287618569,26,2.340535641766352,0
2026-01-14 17:00:00,0.9674431684623137,27.568761207954086,4046.9876364044244,8,1.9046689589293377,0
2026-01-14 17:15:00,1.347387647822666,20.141571356981483,4433.838531253039,4,1.6360397813048437,1
2026-01-14 17:30:00,1.1952438989203584,36.97486284984377,4441.888386058511,21,3.014960857178489,1
2026-01-14 17:45:00,1.406514348507277,46.56032577613807,4662.086383210709,149,5.832432028927193,1
2026-01-14 18:00:00,1.5283249624485535,29.569051672191257,4566.984273976611,25,2.452118545388912,0
2026-01-14 18:15:00,1.7648463771783653,20.767453682112,4140.482362514386,143,4.774559706922438,1
2026-01-14 18:30:00,1.4647506109704544,15.6083157995722,4825.259473213063,245,6.374199809469635,0
2026-01-14 18:45:00,1.7432508219131009,30.063807849769447,4563.090912066598,43,2.9448395009131265,1
2026-01-14 19:00:00,1.53223720740506,36.83101874653006,4559.518055153246,293,8.360972027276459,1
2026-01-14 19:15:00,0.5122667168230643,31.801341971963055,4497.245293984458,185,5.57849442766033,1
2026-01-14 19:30:00,1.0303323030906228,27.98076927264917,4344.672765833334,42,2.6675538962186796,0
2026-01-14 19:45:00,1.4279562221391924,23.28582678568555,4565.340701924618,92,3.6080560201797387,1
2026-01-14 20:00:00,0.8951526285794462,19.262690938255282,4642.6765307785745,317,7.597969981518631,1
2026-01-14 20:15:00,1.7999643649981023,34.67801061059906,3975.9312925963336,324,8.984265209751435,1
2026-01-14 20:30:00,2.2653754161718487,35.31017297108468,4338.371748796171,53,3.6825233870648537,0
2026-01-14 20:45:00,2.1093809258486584,15.634161706474135,4423.515908878923,84,3.0409210410937675,1
2026-01-14 21:00:00,1.393278564534896,40.71871182544547,4576.851181708284,34,3.292873614292843,1
2026-01-14 21:15:00,2.245363068424976,32.592569767152014,4857.993301778138,76,3.8801787842728253,0
2026-01-14 21:30:00,1.5743337286010557,39.196757161166346,4268.477755620966,353,9.750920765844512,1
2026-01-14 21:45:00,1.3314570144409803,17.262978012119078,4350.611445954647,197,5.222649692038822,1
2026-01-14 22:00:00,1.1932986682295301,17.07340675667649,4346.239766806035,286,6.8056893842336,1
2026-01-14 22:15:00,1.3487651567559358,26.808245521861625,4259.541722968637,88,3.4629892227098242,1
2026-01-14 22:30:00,1.3059115907293857,32.02227541516155,4395.844051466322,235,6.819330741220973,1
2026-01-14 22:45:00,1.5852081111877439,42.37088658341571,4731.240665996392,232,7.41127835486989,1
2026-01-14 23:00:00,1.5802869905249324,33.648631310521054,4183.849351390696,7,2.313282680104986,0
2026-01-14 23:15:00,1.5015230100767072,26.058549785503732,4628.344318545871,292,7.636297867831641,1
2026-01-14 23:30:00,1.718469084873175,19.78904633867286,3989.429330994499,38,2.4360330620942747,0
2026-01-14 23:45:00,2.0953231373931707,37.8400045817532,4331.598601067339,52,3.8673522598419914,0
2026-01-15 00:00:00,1.974777067720662,20.28235659399428,4401.153209934604,143,4.54302043871419,1
2026-01-15 00:15:00,0.7575510157750482,41.02774843817858,5002.45790187422,221,6.812325354470738,1
2026-01-15 00:30:00,0.2230394325490226,25.724922803147926,4417.559308574194,240,6.001592850279091,1
2026-01-15 00:45:00,1.9671599556196369,40.724656580942806,3839.6269579647246,143,5.714685684965448,1
2026-01-15 01:00:00,0.8165606507922895,33.43145032047423,3900.333327941625,349,9.053775984446222,1
2026-01-15 01:15:00,1.3876172990536582,26.904036084460333,4510.208875904004,363,9.21266938491673,1
2026-01-15 01:30:00,0.9149434869703202,23.844829025390986,4684.131256736972,49,2.6376586241264475,0
2026-01-15 01:45:00,0.5990097812099902,25.27273698123136,4612.636757288175,277,7.136015001598449,1
2026-01-15 02:00:00,1.770731364102394,31.426533539001902,4550.271031740297,271,7.884312404186065,1
2026-01-15 02:15:00,1.8795775801513235,28.617251969741734,4848.6778792517,14,2.4735554724535254,0
2026-01-15 02:30:00,1.2117447996366404,23.24950873545036,4338.12263377886,298,7.792162495196878,1
2026-01-15 02:45:00,0.20447885392754506,26.674948717458943,4768.473166808048,15,1.621129068435307,0
2026-01-15 03:00:00,1.2268777758737586,28.6286162377532,4010.3955344920746,234,6.5816477478650155,1
2026-01-15 03:15:00,1.6959020027012732,10.970127244681503,4228.51565011858,63,2.4753668460105773,0
2026-01-15 03:30:00,0.7605442156129356,31.66534491830959,3957.887581520455,196,5.703206486241637,1
2026-01-15 03:45:00,1.5916799598895779,20.162230202265548,4417.5464097990625,27,1.9487176073476966,0
2026-01-15 04:00:00,1.4923450754135021,18.77334077435404,4486.121634820097,93,3.4825349050642687,1
2026-01-15 04:15:00,1.7896457498005442,14.501245223114317,4534.230447667956,105,3.447927145685668,0
2026-01-15 04:30:00,1.5597901842070767,13.648860017056878,4518.56500586614,309,7.446276173807379,1
2026-01-15 04:45:00,1.0134655295592223,17.156419975101684,4221.734000756482,52,2.4616657370558426,1
2026-01-15 05:00:00,2.098285750832246,22.327832338956078,4442.927746676035,319,8.392914424827984,1
2026-01-15 05:15:00,1.420735213486515,43.626073100212544,4050.7659994182754,181,6.543618885878735,1
2026-01-15 05:30:00,1.486347730245034,23.792962592838368,4908.968692539675,57,2.9362403251495595,0
2026-01-15 05:45:00,1.033366020463402,29.42200085014425,4408.912178130599,120,4.339995723422345,0
2026-01-15 06:00:00,1.278358874404245,31.20385109205063,4353.334164286893,308,8.207468948614205,1
2026-01-15 06:15:00,1.0575986429865496,29.048521489726788,4976.682098533225,363,9.050595901803307,1
2026-01-15 06:30:00,1.4135269700382884,27.380452314192052,4127.326039935231,43,2.8496126991384494,0
2026-01-15 06:45:00,2.3558542400711717,18.437649891206043,4162.323865790409,135,4.5206340696057215,1
2026-01-15 07:00:00,0.8140494285343218,39.6074203862337,4171.13390253943,260,7.570442987349786,1
2026-01-15 07:15:00,0.6932193010616294,42.457573149103084,4479.6385854901555,197,6.283119476080984,1
2026-01-15 07:30:00,2.235585163746804,14.538730447018514,4629.4894888912795,133,4.263632262581096,0
2026-01-15 07:45:00,,19.807771272908965,4721.90264043535,255,6.6389955776850185,1
2026-01-15 08:00:00,1.1654636306700417,25.76151726098395,5271.598595248491,220,6.26195781782178,1
2026-01-15 08:15:00,2.019952343698038,20.28369764071847,3825.170263739771,336,8.499730955392565,1
2026-01-15 08:30:00,1.1971922301315678,32.04772442764692,4682.620676737325,41,3.0199621253942355,1
2026-01-15 08:45:00,2.413004856773468,22.173822380747097,4332.86082822833,255,7.083407887706683,1
2026-01-15 09:00:00,1.8389629356696346,45.32044854245282,4324.075455333368,2,3.068593360557456,0
2026-01-15 09:15:00,1.2560442959271487,37.52438875474877,4314.068361523837,195,6.2098770933494185,1
2026-01-15 09:30:00,2.5786541066327517,29.70059224505772,4227.369098757608,242,7.4680658371299575,1
2026-01-15 09:45:00,,36.21589010655786,5005.357450381036,149,5.187785171173672,1
2026-01-15 10:00:00,1.8710476860046534,36.84720339485847,4752.689198104171,198,6.479105969762568,1
2026-01-15 10:15:00,1.649646290203246,23.488420095534053,4506.9587935672125,299,7.688649277508477,1
2026-01-15 10:30:00,2.150870644699399,21.47026204366428,4905.3047257461,245,6.844165421511576,1
2026-01-15 10:45:00,2.2807555983634265,28.62514450375718,4046.2413104103375,338,9.162664335018166,1
2026-01-15 11:00:00,1.5160020745328833,34.893088995983554,4100.788460600722,108,4.559368197981411,1
2026-01-15 11:15:00,1.1232910648269083,29.11248318922734,3846.609680341594,212,6.130516789398425,0
2026-01-15 11:30:00,1.7299860714695583,15.384028142472022,4290.175637963013,156,4.515141722557693,1
2026-01-15 11:45:00,1.1611423151239468,21.57740444839326,4548.509558011426,26,2.0354591566984523,0
2026-01-15 12:00:00,2.5066936237633115,27.408217091244975,4530.857573379701,82,3.9890353517740533,1
2026-01-15 12:15:00,1.5682676655413688,27.39467516539336,4544.802573317964,83,3.6823018672284156,0
2026-01-15 12:30:00,1.3173392243439457,43.78033741431847,4076.6829506801755,131,5.354337841500825,1
2026-01-15 12:45:00,1.5923401529324541,16.912096460808016,4740.946422784206,329,8.236512791671819,1
2026-01-15 13:00:00,0.8264368552351518,32.044713934686996,4571.888255471699,100,3.936774045336559,1
2026-01-15 13:15:00,1.0141929807446743,39.91290486662632,4719.9162844398,256,7.557402532475707,1
2026-01-15 13:30:00,2.100206953972213,46.17159796338237,3932.1713467229847,49,4.135808260398529,1
2026-01-15 13:45:00,1.1715528605143022,24.76482061452831,4593.447257639337,63,2.934188818935603,0
2026-01-15 14:00:00,0.9765445086590302,31.931435621761597,4143.670428024742,311,8.242597034653086,1
2026-01-15 14:15:00,1.768326376263643,32.55808285758918,4380.803024234591,290,8.093168633990075,1
2026-01-15 14:30:00,2.0928520773314983,29.563853852426327,4660.309469590915,105,4.40951179842518,0
2026-01-15 14:45:00,1.8594766553325335,27.209238390085552,4527.328081876774,105,4.320179435485062,1
2026-01-15 15:00:00,1.9980238429029082,31.487803116000368,4244.538006066205,325,8.825063750131934,1
2026-01-15 15:15:00,1.1216024557152697,7.742031318242518,4501.881946855326,15,1.1744769417735408,0
2026-01-15 15:30:00,0.7890946666290781,33.45655592050105,4040.5394054269073,175,5.240330752428058,1
2026-01-15 15:45:00,2.2506668259777434,29.009423229295738,4845.080218769489,259,7.5122035007901955,1
2026-01-15 16:00:00,1.3386600805789322,26.220200825773876,4438.414794151125,211,6.017262200551115,1
2026-01-15 16:15:00,1.3745834917724764,44.37489756575646,4835.564983276598,259,7.960604318427045,1
2026-01-15 16:30:00,,22.600527849675583,4342.040493871187,102,4.012041543220397,1
2026-01-15 16:45:00,1.77811500470033,24.775392087479755,4342.927203478025,260,7.1641673837615585,1
2026-01-15 17:00:00,1.7279438860408038,43.93242641763787,4270.743964008646,344,9.72993224669542,1
2026-01-15 17:15:00,2.582501172450542,21.343509561201145,4762.852179507922,159,5.318809416951858,1
2026-01-15 17:30:00,1.1782408848099286,23.599077736507688,4287.170652801457,45,2.379786040600667,0
2026-01-15 17:45:00,1.9639200640406185,26.8237966125532,4693.378629724553,301,8.157899085851952,1
2026-01-15 18:00:00,1.5285065624485423,34.72587585703639,4385.264280699213,251,7.273988492849579,1
2026-01-15 18:15:00,1.6342961394316284,29.662420058826505,3907.211010032514,331,8.873626113041382,1
2026-01-15 18:30:00,2.264234213206266,17.6589972227819,4328.90577966406,165,4.993322147833605,1
2026-01-15 18:45:00,1.753917878144812,23.742651494982482,4146.267535691146,193,5.848221794409053,1
2026-01-15 19:00:00,1.7691480395248165,23.14116453430231,4510.170817104701,9,2.043564178405569,0
2026-01-15 19:15:00,2.036253668654901,27.382231638215636,4142.877679297653,65,3.300736767057213,0
2026-01-15 19:30:00,1.3175236352285573,31.406749269038635,4777.792530214385,282,7.649720182625242,1
2026-01-15 19:45:00,1.0803951663304967,31.345646047103777,4472.677241894092,181,5.704220471300319,1
2026-01-15 20:00:00,0.9775954029894832,13.791905967612783,4446.721201572378,282,6.799734342061392,1
2026-01-15 20:15:00,0.5168217053119991,36.51152790048685,4696.767641336275,279,7.4823699998761,1
2026-01-15 20:30:00,2.528103564970161,30.02055076797299,4789.172080222759,30,3.268554536950973,0
2026-01-15 20:45:00,0.9483958171391584,39.076256380751246,4493.970374469104,266,7.650714725192238,1
2026-01-15 21:00:00,1.389373188207114,31.553586618325376,4268.639910135213,328,8.78191317161921,1
2026-01-15 21:15:00,1.3615933500555397,36.8105836618861,3967.809115166361,217,6.603982388162206,1
2026-01-15 21:30:00,1.6537033489045503,31.732362491601016,4294.185072889446,320,8.602504562524565,1
2026-01-15 21:45:00,,38.769806049621984,4314.836326005611,105,4.8432281720147445,1
2026-01-15 22:00:00,1.9302367441798727,32.17800508814223,4532.117235897689,184,6.029678606779498,1
2026-01-15 22:15:00,1.2084612807155308,27.21667802845677,4396.455935658591,330,8.152139309261976,1
2026-01-15 22:30:00,1.4164391431067942,46.17947776357505,4706.379891615428,148,5.816471311722185,1
2026-01-15 22:45:00,1.6412899752441499,35.11229697823914,4316.105018618793,105,4.315661024567063,1
2026-01-15 23:00:00,1.3756544369082264,32.589955368035305,4482.887649944118,47,3.012690289006003,0
2026-01-15 23:15:00,2.3036727880099965,17.789564667693313,4855.196232959067,87,3.410660569314113,0
2026-01-15 23:30:00,1.7454874758191257,17.693539060291698,4602.54756418649,309,7.876127489050556,1
2026-01-15 23:45:00,1.8674388930249086,30.341723857134827,4481.988737493431,129,4.988697260561087,1
2026-01-16 00:00:00,1.8314406343337064,29.164169582145927,4319.416667419447,258,7.38494112601586,1
2026-01-16 00:15:00,2.0867369287426625,23.08701947993347,4310.030580985507,314,8.246038875296518,1
2026-01-16 00:30:00,1.5905107793518534,29.12786159689648,4244.816024114416,147,5.035431269533924,1
2026-01-16 00:45:00,0.8515840260220767,40.70901542434876,4337.6979402651305,72,3.9292698651278783,1
2026-01-16 01:00:00,1.6998439758763209,33.56321979640239,4726.699751623294,140,4.959755750839378,1
2026-01-16 01:15:00,1.1743215531040856,18.871931921978096,4433.433518612319,27,1.8458150282927237,0
2026-01-16 01:30:00,1.2356916591251217,27.10792938285645,4095.0680791856307,29,2.5300773730720674,0
2026-01-16 01:45:00,1.7931820093775466,21.560268153179514,5030.450787917935,271,7.336513309219788,1
2026-01-16 02:00:00,2.119141535716818,24.89840066873151,4595.989557343549,174,5.631548777724638,1
2026-01-16 02:15:00,1.5106357883680308,24.69107467496286,4077.9169798460493,253,6.794310892510176,1
2026-01-16 02:30:00,1.6544165062994818,24.178835339167957,4367.445321827753,60,3.1696632675855345,1
2026-01-16 02:45:00,2.351107472317619,17.95891702421284,4533.265914848525,107,4.114532109265575,0
2026-01-16 03:00:00,1.6203765897442841,26.97876254785448,5011.377627989214,220,6.468913790040857,1
2026-01-16 03:15:00,2.800841557090197,23.51513890522152,4167.5662625223395,259,7.226692603779091,1
2026-01-16 03:30:00,1.7827548228157721,4.564410479981856,4792.812215806784,146,3.8737819340169994,1
2026-01-16 03:45:00,0.6196186204220911,44.42377619601331,4919.845928091703,52,3.5675602643986832,0
2026-01-16 04:00:00,1.8766708105522663,36.710157233733376,4311.403708477629,60,3.7346144528753493,1
2026-01-16 04:15:00,1.6905791924413889,24.98959420060003,4416.74591434193,34,2.6243790794163164,1
2026-01-16 04:30:00,2.144876377041373,28.150552397924788,4189.107225787869,96,4.134132254577171,1
2026-01-16 04:45:00,1.8365906756349792,18.626765221459507,4438.961657675908,89,3.359815191738292,1
2026-01-16 05:00:00,1.430772008008113,41.565783022486926,4489.023007697121,316,9.121657036052934,1
2026-01-16 05:15:00,0.8878508818553171,43.17830955818489,4697.894999424711,231,7.155562697676598,1
2026-01-16 05:30:00,1.3954883713569874,29.253549825972197,4827.055041306134,275,7.410274875224736,1
2026-01-16 05:45:00,1.07473977289535,36.188245153482754,4275.571180613506,246,7.021648163678396,1
2026-01-16 06:00:00,1.2097382750976386,29.40229423147139,3909.8024807322017,111,4.087911811078439,1
2026-01-16 06:15:00,1.7942892022103047,17.306196488992555,4493.626566217127,234,6.1774681678579855,1
2026-01-16 06:30:00,2.334952252175703,24.70541304829074,4588.061258990592,278,7.7439045810869525,1
2026-01-16 06:45:00,1.6973357649114906,29.055423734175655,4574.825306305513,166,5.500261164892263,1
2026-01-16 07:00:00,0.9020584689824078,24.363618250052447,4401.998025747287,128,4.187452985078981,1
2026-01-16 07:15:00,1.7223013341100704,26.25077378051971,4537.42562989918,237,6.666448023954534,1
2026-01-16 07:30:00,2.0983157433228254,27.268803539927085,4954.633442505674,291,8.114829545783836,1
2026-01-16 07:45:00,1.195108547840309,27.35297201707631,4614.520250688753,107,4.108476451503584,1
2026-01-16 08:00:00,1.4329914166635411,28.418067923979866,4387.9894724990745,128,4.528103626162475,1
2026-01-16 08:15:00,1.5073440973645986,19.515159468827193,4349.940654871201,195,5.375488532674996,0
2026-01-16 08:30:00,1.1075508434588799,22.26387080697651,4449.044292696681,339,8.346242129186553,1
2026-01-16 08:45:00,1.8241402169219296,17.723325874400246,4991.0219885491915,143,4.691830005295101,0
2026-01-16 09:00:00,1.4395259256961093,35.8225243974896,4445.009787142141,111,4.481106833365368,1
2026-01-16 09:15:00,1.709766221953514,11.154824465277404,4494.061696643787,90,2.989031381748593,0
2026-01-16 09:30:00,1.05625391109895,37.228722746535404,4355.305928719109,251,7.309681107796115,1
2026-01-16 09:45:00,1.2812708498382948,39.090795178102745,4829.695007232589,280,8.12121450129205,1
2026-01-16 10:00:00,1.8611906789138857,25.582555304139028,5087.951176423402,333,8.485046037420446,1
2026-01-16 10:15:00,1.3135834239541164,7.174903297381611,4635.183914829417,224,5.494767303880746,1
2026-01-16 10:30:00,2.3634819256167026,25.109515504261676,4524.831871135628,101,4.350097740327907,1
2026-01-16 10:45:00,1.3001819071926988,27.486526709689446,4511.034849952271,132,4.4919197342824795,1
2026-01-16 11:00:00,1.612342362875943,19.915214240568694,3784.707963364276,13,2.1713594865120385,0
2026-01-16 11:15:00,1.9662954159365449,23.878252849534057,4723.545259285445,98,4.0632013471439,0
2026-01-16 11:30:00,0.7908171335334842,40.24156159090681,4540.249924798753,120,4.845849926257555,1
2026-01-16 11:45:00,0.6195955940096121,33.319417298413924,4628.502615198217,293,7.892564421502643,1
2026-01-16 12:00:00,0.7371718427149526,20.6034870849752,4286.561341774888,304,7.520914697205545,1
2026-01-16 12:15:00,2.131292051713591,15.219206643236543,4384.662936306872,199,5.591286204019036,1
2026-01-16 12:30:00,1.2240709270537766,25.38386145912183,4376.692519049048,1,1.7667254442643172,1
2026-01-16 12:45:00,2.779099642834126,26.292345765196494,4806.486895221911,60,3.5319001386214586,1
2026-01-16 13:00:00,1.2178762006713058,31.96959349890653,4386.372049019072,250,7.02789297819088,1
2026-01-16 13:15:00,1.5922756515985186,23.717466299458728,5124.79809663294,140,4.591693807383792,1
2026-01-16 13:30:00,2.2710549762839376,32.091996602894895,4629.258725704512,149,5.499567825677297,1
2026-01-16 13:45:00,2.5030464440795615,43.48123232048184,4117.295202001281,44,4.215109798406266,0
2026-01-16 14:00:00,2.5307517883181987,34.5240081795541,4461.436112024413,186,6.24825164216237,1
2026-01-16 14:15:00,2.1041831152965713,27.61529194135382,4304.497463353076,108,4.516931270794082,0
2026-01-16 14:30:00,2.0120312629057313,26.534796231573644,3841.685259053993,44,2.9103647188883564,1
2026-01-16 14:45:00,1.7962634746005914,25.14661492656103,4979.841282034136,78,3.5253841518239093,0
2026-01-16 15:00:00,1.8891805380833189,37.445127299617155,4710.942762666001,226,7.0754887945680265,1
2026-01-16 15:15:00,1.2244071418357332,22.981492432389576,4659.962195369793,162,5.064265169300339,1
2026-01-16 15:30:00,1.0909005582888465,28.36178167199986,4549.621098089911,281,7.424453529818941,1
2026-01-16 15:45:00,1.498312771294524,28.409583215048684,4085.394729392269,253,7.131949061933166,0
2026-01-16 16:00:00,1.4149076887375358,23.985726457507745,4354.914858133369,132,4.462576066198025,1
2026-01-16 16:15:00,1.2733859753363623,17.020275616927194,4752.534232435204,144,4.1243674959688486,1
2026-01-16 16:30:00,1.8481937237283577,30.583796028941347,4184.63399106525,266,7.5787902557245665,1
2026-01-16 16:45:00,1.9776526042852554,27.51196822515693,3740.4692051247557,109,4.467092079282653,0
2026-01-16 17:00:00,1.5442034431459237,32.001923755492555,4431.868197665723,194,6.010454083948699,1
2026-01-16 17:15:00,2.238765040527631,,4457.472733791738,35,2.864962454583513,1
2026-01-16 17:30:00,0.9291554429332475,37.766570390504384,4540.669024924413,275,7.726882699568425,1
2026-01-16 17:45:00,1.403170270360141,20.985809750305243,4718.5555930543605,187,5.466923997962979,1
2026-01-16 18:00:00,1.1415888396985976,41.69632227214314,4691.281743669362,243,7.576201343675515,1
2026-01-16 18:15:00,0.56673169146347,14.018907921373907,4577.630941573177,264,6.006854082687639,1
2026-01-16 18:30:00,1.4586596570786503,31.47816051645513,4858.659416426013,10,2.2235583796433187,0
2026-01-16 18:45:00,1.4391262458083582,31.803445460212988,4044.3090657560056,166,5.441971809961017,1
2026-01-16 19:00:00,2.2567248716210653,21.63554345647294,4651.374544343217,29,2.7110095635565012,1
2026-01-16 19:15:00,1.8154058422773889,31.3951515028881,4687.961509001083,271,7.769166517522155,1
2026-01-16 19:30:00,0.9879065878353975,38.23614935808127,4128.131314175928,87,3.922494943141108,1
2026-01-16 19:45:00,2.427046283167094,10.265449285167485,4049.1388173952832,23,2.0119830100694616,1
2026-01-16 20:00:00,2.1105168477626766,32.021958459926516,4276.217362057319,210,6.553931188841219,1
2026-01-16 20:15:00,1.791048851734308,8.05383343735938,4301.537567245412,46,2.126164405983228,0
2026-01-16 20:30:00,1.386757950575084,20.274681571814334,4726.025839050729,28,2.1823337585561497,0
2026-01-16 20:45:00,1.0202803816382602,41.03333091920756,4315.638364892671,26,2.8879675171731987,1
2026-01-16 21:00:00,1.3138966119644735,23.345743732863568,4243.0954445156385,266,7.006250388076778,1
2026-01-16 21:15:00,2.044374309852093,18.60896028472822,4316.509878991632,175,5.370666114336174,1
2026-01-16 21:30:00,2.4422931529673044,26.416498168122544,4835.589700246263,4,2.1885384388767237,0
2026-01-16 21:45:00,2.2716217641360945,44.54325070530842,4503.913012313085,311,9.385922121631731,1
2026-01-16 22:00:00,1.255575289106863,13.346542022351791,4446.224692392926,322,7.49886728457197,1
2026-01-16 22:15:00,0.9401912833554944,19.589520706885246,4466.998350389685,67,2.693933787761579,0
2026-01-16 22:30:00,1.570443123455602,39.97945346543701,4887.6181002979565,135,5.37292614633982,1
2026-01-16 22:45:00,0.6157803172185742,42.86161874830186,4275.2484820190275,55,3.6907099616953567,1
2026-01-16 23:00:00,1.6615838570923906,27.17255020567773,4894.652487282031,31,2.6406312750370406,1
2026-01-16 23:15:00,1.4261987068506656,18.087578379786862,4563.148889676451,74,3.101410967651802,0
2026-01-16 23:30:00,1.2669817490658788,44.76674801447327,4451.874185407396,19,3.0410802816751143,1
2026-01-16 23:45:00,0.7026484663666023,40.75553913399357,5250.270149380284,156,5.389334336947972,1
2026-01-17 00:00:00,1.7568000532848582,33.43157590209786,4183.308153060421,337,9.173004676003705,1
2026-01-17 00:15:00,1.2336495801690444,21.50078120850064,4393.894272129898,156,4.708674997333346,1
2026-01-17 00:30:00,0.915041582144856,27.607765273295705,4130.2706282508,147,4.653563008339997,1
2026-01-17 00:45:00,0.06386889335917534,26.717119351641355,4785.738591160851,87,3.0658520803569695,1
2026-01-17 01:00:00,1.4862425474746819,30.64681043692462,5006.756680095504,20,2.6601669964279537,1
2026-01-17 01:15:00,2.386125798334872,39.60801150505069,5000.976834421392,269,8.286006677483726,1
2026-01-17 01:30:00,2.330629607273935,35.03533632909922,4867.184625943802,333,9.241933727292928,1
2026-01-17 01:45:00,1.2714518717068641,19.380991384121934,4440.71385966121,43,2.25214275546307,0
2026-01-17 02:00:00,1.1988939698191097,39.0119716001563,4390.427706753046,306,8.61714628150362,1
2026-01-17 02:15:00,1.7343871280375118,30.505057120105242,3998.6490682517806,28,3.0046599523415125,0
2026-01-17 02:30:00,1.0008072804058543,33.49652636687133,5110.762060554538,260,7.22275096217611,1
2026-01-17 02:45:00,1.6508959499097329,39.732326874228825,4640.693423444541,22,3.301837276211011,0
2026-01-17 03:00:00,,19.10735800389159,4352.4129285391555,101,3.727499879115535,1
2026-01-17 03:15:00,2.1134666119421537,27.713395370348298,4898.41706669609,39,2.9830751902963133,1
2026-01-17 03:30:00,1.4499229617600236,23.748363589126278,4208.1706449719995,290,7.476359656997148,1
2026-01-17 03:45:00,1.398163124911517,15.457124597076353,4621.986610266802,353,8.372320099793509,1
2026-01-17 04:00:00,1.0610087066217195,30.77367982083936,4448.21125971275,300,7.887473409675453,1
2026-01-17 04:15:00,1.08655982298007,48.092452412675385,4691.60314196409,170,6.155608467424728,1
2026-01-17 04:30:00,1.3867605540492367,13.279378043953978,4480.927938244164,296,6.973468097056827,1
2026-01-17 04:45:00,1.683682753408089,27.74175511160424,4064.7216326666326,353,9.29717252540841,1
2026-01-17 05:00:00,1.9567923131166247,33.124343480598185,4522.672911801012,130,5.145372693429957,0
2026-01-17 05:15:00,1.0984105246598275,28.98462561324945,4814.659242562609,156,5.035755527288653,1
2026-01-17 05:30:00,2.2463442844797608,27.094975579874077,4491.235078243804,74,3.7188848966172,1
2026-01-17 05:45:00,1.3644381994787156,17.606269092433408,4732.534536476725,342,8.265530704636475,1
2026-01-17 06:00:00,1.489316352825782,29.86229394352131,4186.341154297784,90,3.811150345417141,1
2026-01-17 06:15:00,1.1263941604260883,21.94588818387259,4492.121762019045,67,2.7744669233656087,0
2026-01-17 06:30:00,0.2878798698635292,10.480626360171573,4312.6468634734265,236,5.430924677277081,1
2026-01-17 06:45:00,1.9420226981805249,37.55673776410985,4724.094252031413,200,6.6284236979684765,1
2026-01-17 07:00:00,1.8684219485462168,35.66708655873634,4509.447468678599,332,9.203296678658193,1
2026-01-17 07:15:00,,28.413287814808637,4707.022102900984,227,6.338154982954471,1
2026-01-17 07:30:00,1.533495358612436,29.83259750564562,4826.31312784736,348,9.033485138529787,1
2026-01-17 07:45:00,1.7579696088520498,36.594544101724495,4707.485572536417,233,7.0775790681833,1
2026-01-17 08:00:00,0.7187270715567287,29.79471725422466,4581.935530288093,266,7.145632266568418,1
2026-01-17 08:15:00,1.2354736613268527,35.23214043809052,4200.536322446578,86,4.075324271692986,0
2026-01-17 08:30:00,1.8971323398109137,,4499.164166799929,102,4.225829994496207,1
2026-01-17 08:45:00,0.8728552884153753,38.49586990859157,4340.07287939525,214,6.491037637501144,1
2026-01-17 09:00:00,1.6467789660833145,30.566285807461473,4396.780812988732,108,4.234235967603164,1
2026-01-17 09:15:00,0.8217090976882975,29.55241554884699,4387.639754774925,165,5.064445055720443,1
2026-01-17 09:30:00,1.7332149912167631,17.839511290303744,4206.022327565327,91,3.3353302688005213,1
2026-01-17 09:45:00,1.4821792588512581,,3912.798423259803,192,5.99077738287583,1
2026-01-17 10:00:00,0.6924340920472453,21.34436066004439,4299.55708550167,335,7.903913440608527,1
2026-01-17 10:15:00,2.0823696772285856,22.893738187772048,4558.013835577248,86,3.522195274051963,0
2026-01-17 10:30:00,1.1327042116009753,21.47699497347103,4095.546886371753,222,5.932286603578205,0
2026-01-17 10:45:00,1.0948737814928096,19.4701205448062,4504.704670941487,363,8.744106146277376,1
2026-01-17 11:00:00,1.6002845986154715,44.99817122413569,5070.080527293289,101,4.8072767315439116,1
2026-01-17 11:15:00,2.0743186747143576,38.65071249590723,4806.916966575672,226,7.367174424241746,1
2026-01-17 11:30:00,0.9920890905108015,43.36294001715409,4993.062452736159,364,9.881516410464718,1
2026-01-17 11:45:00,1.530839924923986,18.21683984355549,4617.338363079818,60,2.877857520821306,0
2026-01-17 12:00:00,1.7144082501652864,28.57002999928714,4850.252946895934,250,7.034039333386763,1
2026-01-17 12:15:00,1.846552803631572,17.651938998367235,4282.810580859664,48,2.4205708846913043,0
2026-01-17 12:30:00,1.5882207776386126,22.43444098242349,4306.697919893405,117,4.15686453619813,1
2026-01-17 12:45:00,1.316486080458339,20.6549841326674,3678.2579381587584,227,6.127331092601182,1
2026-01-17 13:00:00,1.0862048896756402,37.916672051532494,4855.84364221269,362,9.590565359166332,1
2026-01-17 13:15:00,1.5430719415231873,24.83016257518592,4962.097193945966,33,2.4139541349431433,1
2026-01-17 13:30:00,0.9639304940071965,36.54703466955213,4334.046826395819,44,3.170438991813052,0
2026-01-17 13:45:00,0.039324758252696324,32.83296711670815,4423.8144880808295,165,4.8940356784289785,1
2026-01-17 14:00:00,1.718279902078834,,4273.841365892711,345,9.928973509541112,1
2026-01-17 14:15:00,1.9519674205430977,16.164446214882208,4614.796065443247,292,7.383052467786254,1
2026-01-17 14:30:00,0.3185337822290808,38.07386591829439,4837.479763590973,337,8.806544967834785,1
2026-01-17 14:45:00,0.9951346476450312,37.17152696320582,3977.1684078356875,344,9.017117162086805,1
2026-01-17 15:00:00,1.809577130502599,20.212969295783722,4622.831559192676,287,7.524447147714826,1
2026-01-17 15:15:00,2.528747734855849,36.05706669178528,4416.998468484257,364,10.160111354483998,1
2026-01-17 15:30:00,1.510396853837704,30.689159704209832,4534.0183175900065,225,6.650214542573843,1
2026-01-17 15:45:00,1.1359985293854327,26.180189920372737,4637.698200502287,286,7.647798580292979,1
2026-01-17 16:00:00,1.40855177944758,21.408516104224002,4443.539268368154,204,5.7345625490714704,1
2026-01-17 16:15:00,2.1874382095740925,22.24712438840651,4468.923943978266,172,5.51920687925363,1
2026-01-17 16:30:00,1.1770179104377323,44.39849676628741,4435.837449733608,12,2.9399736822693683,1
2026-01-17 16:45:00,1.1004039966748733,28.00546255165986,4791.094860536485,307,8.063374612653416,1
2026-01-17 17:00:00,1.2586282389089838,34.25704001225167,4625.627988038249,121,4.482972864610034,1
2026-01-17 17:15:00,1.0233356958706439,21.672804946659575,4566.175061321208,244,6.376269005418745,1
2026-01-17 17:30:00,1.5613351579973977,21.76117643022689,4118.7144836723155,152,4.639899348430467,1
2026-01-17 17:45:00,2.31233922923478,36.655878473999536,4386.426077036053,152,5.811772334955068,1
2026-01-17 18:00:00,1.6615396365580146,17.203390307587743,4769.600748101752,188,5.323204641003601,1
2026-01-17 18:15:00,1.3738232489368563,24.67828985675783,4511.3089719371765,13,2.1241935537172196,0
2026-01-17 18:30:00,1.354094365542228,28.272219288577855,4697.859440876741,91,3.8242397032863424,1
2026-01-17 18:45:00,0.7184045956516715,28.890980814720418,5029.95354009829,200,5.698225582518976,1
2026-01-17 19:00:00,1.9415548885735796,26.56725371987075,4811.581820762645,74,3.509625092586888,1
2026-01-17 19:15:00,1.4610814014935989,31.166558248767384,4527.947501309923,256,7.028508123061642,1
2026-01-17 19:30:00,1.4097600432046873,33.54284604654249,4346.703248941282,276,7.767931577394055,1
2026-01-17 19:45:00,3.09655378392243,33.87710036367464,3733.9351211832304,328,9.606262703183607,1
2026-01-17 20:00:00,1.649376454182843,,4449.484523258145,329,8.256268404870827,1
2026-01-17 20:15:00,1.1241044749524078,25.726759216569622,4402.196251254945,71,3.147504581686623,1
2026-01-17 20:30:00,1.2868212018972283,37.5581028950155,4617.109858318613,78,3.9669393543646074,1
2026-01-17 20:45:00,2.0742228545983776,35.157177500590976,4453.828431907594,284,8.228777076874591,1
2026-01-17 21:00:00,1.5566352052688823,17.017124388151487,4403.884482168962,130,4.093007090099182,0
2026-01-17 21:15:00,0.7808610108413166,30.811839202817612,3966.180320847834,43,2.672439998346148,0
2026-01-17 21:30:00,1.9596144672876017,12.174198005001518,4218.00965125498,8,1.4626675472629584,0
2026-01-17 21:45:00,1.165927957230503,28.375479216482958,4642.995312240168,13,2.1376152842521576,0
2026-01-17 22:00:00,2.4366488881087727,,5014.772289339809,213,7.384056067880433,1
2026-01-17 22:15:00,2.0400240328573243,20.41685826184811,4470.742384876313,111,4.244369534947964,0
2026-01-17 22:30:00,1.2763390521706244,21.325415636067344,4598.343322072237,291,7.316237403371406,1
2026-01-17 22:45:00,2.1405081808675566,34.11223825258288,4785.743447085842,23,3.005871014574366,0
2026-01-17 23:00:00,1.5339277552637016,15.657587878322833,4256.731819139925,302,7.41078396338547,1
2026-01-17 23:15:00,1.9263868375611097,22.93795976091969,4610.044212985633,254,6.952684439812384,1
2026-01-17 23:30:00,1.7423664086472375,32.77152910065402,4277.852968100353,15,2.686833542402261,1
2026-01-17 23:45:00,1.0768216725045632,22.925713218484773,4759.447331547303,130,4.400810631708485,1
2026-01-18 00:00:00,1.178225083841269,26.112240102312228,4545.42091438552,61,2.9648193189850582,0
2026-01-18 00:15:00,2.0149804087905805,33.953485682520274,4589.535544194432,115,4.8552558968042,1
2026-01-18 00:30:00,1.3326123339467295,31.37236866829249,4265.2204207744235,320,8.310426167898596,1
2026-01-18 00:45:00,1.2981757683790016,30.134547170363216,4712.109707883235,308,8.146644712871359,1
2026-01-18 01:00:00,1.0224387103253236,25.28702176583969,5125.4138763693045,325,8.328850686383335,1
2026-01-18 01:15:00,1.7117995327967306,30.960488922151644,4197.626491371539,67,3.567246219881476,1
2026-01-18 01:30:00,2.5312624596215727,27.01013855920195,4398.072297705743,249,7.393245913309656,1
2026-01-18 01:45:00,0.9662335428728636,31.662444879406276,4569.482242250428,175,5.40734054750654,1
2026-01-18 02:00:00,1.5121097283363791,24.024543799056175,4735.921863598745,339,8.611826800473008,1
2026-01-18 02:15:00,2.2061102777077144,26.53944820496367,4332.13611441316,2,2.4126941460098776,0
2026-01-18 02:30:00,1.4601793043771425,20.08033765958389,3650.0909129571783,172,4.912080308503141,1
2026-01-18 02:45:00,1.726185898124867,27.719939119950112,4907.756848249208,334,8.975125565765032,1
2026-01-18 03:00:00,0.9688032359265601,21.51199309096924,4728.151835875243,284,6.988526530729682,1
2026-01-18 03:15:00,1.7141535486038242,19.087628398704055,3977.1157408540003,54,2.6714926550281817,0
2026-01-18 03:30:00,1.4064278674977255,30.069289182843104,4317.729362466133,67,3.322443887663287,1
2026-01-18 03:45:00,1.9928649978399315,29.701918206861283,4970.454728858198,102,4.294995811302313,1
2026-01-18 04:00:00,2.0936930257823754,34.26298987958858,4934.3389255373595,120,4.8657364167599715,0
2026-01-18 04:15:00,2.794781821009307,24.55099544339921,4781.592006803683,191,6.072990534224389,1
2026-01-18 04:30:00,1.7898165866067879,31.264422774694047,4447.166269812041,304,8.240473112826255,1
2026-01-18 04:45:00,1.6628981582910831,32.40638057818931,4524.896225643753,47,3.2898836550815207,1
2026-01-18 05:00:00,1.597192150788668,31.558190462652757,4460.722258462162,222,6.632990583854047,1
2026-01-18 05:15:00,1.3234168535946558,21.394770537582865,4838.471934980651,21,1.969154226347055,0
2026-01-18 05:30:00,1.6692419217308456,29.19490785816951,4237.247278051467,158,5.31566785265903,1
2026-01-18 05:45:00,1.3522992949304853,30.913122368437293,4258.260103534739,348,8.897112285285003,1
2026-01-18 06:00:00,1.584230488134807,28.057427735263534,4803.082376050805,159,5.247200836413735,1
2026-01-18 06:15:00,2.15879876780398,11.308178733031323,4486.691563346531,235,6.119551503671034,1
2026-01-18 06:30:00,0.9967287173601794,29.28391699178784,4913.540206636142,150,4.856583553530541,1
2026-01-18 06:45:00,2.0699392805645225,45.70024831517794,4298.5463379058365,257,8.3049048030754,1
2026-01-18 07:00:00,2.1585575336699327,25.119685849944137,4483.566491898352,165,5.583759706844529,1
2026-01-18 07:15:00,1.4409657365044606,22.17538321715743,4223.276104546814,77,3.2574529296551415,1
2026-01-18 07:30:00,0.4390725504957027,30.986788477691185,4502.20880442707,85,3.4049809933023623,1
2026-01-18 07:45:00,1.1960890064527838,30.499025683732572,4056.4359189003603,46,2.805122448010149,1
2026-01-18 08:00:00,2.1484972732805545,37.54188132333132,4353.709973713511,47,3.43741118291541,0
2026-01-18 08:15:00,1.488565968850559,17.937054752728898,4069.1238405215645,213,5.765067541892955,1
2026-01-18 08:30:00,1.0003488838525447,33.85104202059994,4708.176969957378,59,3.1467283205529286,1
2026-01-18 08:45:00,1.2476125393858912,32.72337649001171,4714.976801927895,54,2.9611874948297277,0
2026-01-18 09:00:00,1.9203100132522766,26.86282770447563,3980.9211808546966,342,8.916178348214768,1
2026-01-18 09:15:00,1.7733667841006897,30.70949854337352,4900.1657236501715,12,2.50876981438514,0
2026-01-18 09:30:00,1.3805339504151528,36.23565985278686,5249.224537925957,192,6.278426954458999,1
2026-01-18 09:45:00,1.3165877940926562,34.9785230402276,4513.801916020902,6,2.501686341008895,0
2026-01-18 10:00:00,1.304120925478089,18.855845503410173,4307.665721932606,309,7.732011861721249,1
2026-01-18 10:15:00,1.0387949077507488,34.56126549404387,5347.299177300914,144,5.1138387407629,1
2026-01-18 10:30:00,2.307687844734721,27.48249115973985,4104.309450509247,346,9.070392694622015,1
2026-01-18 10:45:00,1.33883976539433,28.582992784124123,4506.0319400607295,261,7.169725981623262,1
2026-01-18 11:00:00,2.108579260412748,28.585575928013554,4553.886681789577,73,3.7906940572252386,0
2026-01-18 11:15:00,2.2606580259612254,26.79805608961392,4903.544286135724,174,5.728803476379717,1
2026-01-18 11:30:00,1.9991554490739802,37.53365997685652,4607.921692538037,232,7.300830250814167,1
2026-01-18 11:45:00,1.2841898436409758,27.330256321206303,4350.409831263464,270,7.282997755507937,1
2026-01-18 12:00:00,1.7018650451683048,19.04363097293465,4214.6446888836135,362,8.89748096653497,1
2026-01-18 12:15:00,1.4879021968045418,24.85176115224217,4397.453453926159,222,6.27005956579036,1
2026-01-18 12:30:00,1.048149069634936,29.429557734483804,4197.921791716457,52,2.846109578837258,0
2026-01-18 12:45:00,1.6621796408608014,37.8337182743764,4514.347595935405,116,4.706275359349378,1
2026-01-18 13:00:00,0.9104801044200987,32.824757479590666,4330.741146041854,26,2.505027199600449,0
2026-01-18 13:15:00,2.0938396942307818,21.19571777002365,4051.788662013075,53,2.9630700416240225,1
2026-01-18 13:30:00,1.2676913513508035,47.88151933343113,4876.543736512471,29,3.485810465359472,1
2026-01-18 13:45:00,1.6005798279364196,30.118202487823837,4350.698242971288,19,2.6214341619239807,0
2026-01-18 14:00:00,1.641643935773071,38.20312590399212,4119.558958507407,303,8.739874499611128,1
2026-01-18 14:15:00,1.3705475131479614,,4449.522259653738,279,7.457130951451369,1
2026-01-18 14:30:00,1.7933469007376375,32.2668739576436,4520.511469790297,117,4.660995974527554,1
2026-01-18 14:45:00,1.2625481716887377,34.71574803614724,3976.05998232629,106,4.418119530439922,1
2026-01-18 15:00:00,1.935648648728622,37.74555769403405,4599.494300137729,309,8.884192182144949,1
2026-01-18 15:15:00,0.8270101598766257,36.4589464430258,4185.852729392921,227,6.649495565921807,1
2026-01-18 15:30:00,1.5631897897732059,34.977576000583824,5013.308642757236,352,9.48005609955235,1
2026-01-18 15:45:00,2.4694644995291424,25.47930615044713,4657.18815362302,186,5.967113666439065,1
2026-01-18 16:00:00,0.9998343376972126,23.42603166435151,4380.030002967205,261,6.778724244426437,1
2026-01-18 16:15:00,1.1611275147375744,30.66086008259358,4276.449668904795,16,2.3608553895335724,0
2026-01-18 16:30:00,1.7569539248294574,35.46502457872855,4468.509687730912,273,7.905916136893885,1
2026-01-18 16:45:00,1.589790890969799,26.218234393787142,4683.837222474987,160,5.156295326826277,1
2026-01-18 17:00:00,1.6753150496367797,36.52137572571509,4492.35176142444,358,9.685949236784621,1
2026-01-18 17:15:00,1.7445935650738318,39.620933963889435,4434.852357858943,250,7.760601980170626,1
2026-01-18 17:30:00,1.8173607342808848,20.66943264741264,4517.511087245369,224,6.315229984110514,0
2026-01-18 17:45:00,2.0548499209781115,21.30463436962976,4318.8423206289135,256,7.0338761345495655,1
2026-01-18 18:00:00,1.7049093284642562,26.87699952875731,4397.0382219470885,180,5.364936834379549,1
2026-01-18 18:15:00,1.3793711726907287,30.46090134551357,3874.262268328499,20,2.4991286183240904,0
2026-01-18 18:30:00,,23.803463889863593,4792.1178692557105,112,4.204476527628317,1
2026-01-18 18:45:00,,38.81762143093715,4589.639334096529,120,5.380950343238938,1
2026-01-18 19:00:00,1.4336831268087131,31.39253489214761,4267.963246789971,194,5.927497499057661,1
2026-01-18 19:15:00,1.0127353476646792,28.315576385925915,5069.620494406572,111,3.8286653531201784,1
2026-01-18 19:30:00,2.053540334643486,16.512723809051778,4526.104944117716,210,5.927669325388351,1
2026-01-18 19:45:00,1.4398094180232008,17.473473468579943,4189.156928407441,1,1.347144781291982,0
2026-01-18 20:00:00,0.4136652269929819,30.24807400225445,4757.0212264411375,58,2.960086745341697,1
2026-01-18 20:15:00,1.9237108385752109,10.93923499076131,4619.414464952779,93,3.118580896387267,0
2026-01-18 20:30:00,1.2323359070230386,36.10109927715257,4618.3739956452655,221,6.615272030831654,1
2026-01-18 20:45:00,1.4547333588479197,26.734769245021436,4372.2733186045225,211,6.1735940030438385,1
2026-01-18 21:00:00,1.6659901652845073,53.944743756757866,4635.14871713341,232,8.065250862452135,1
2026-01-18 21:15:00,1.5952498398895332,46.463330004928885,4421.472512933672,262,8.256924238409814,1
2026-01-18 21:30:00,1.8547259085695198,,4666.782435493753,364,9.399471776322393,1
2026-01-18 21:45:00,1.2822568147150784,27.14930397974948,3928.516663796808,103,3.8595888941481755,1
2026-01-18 22:00:00,1.7565528990880415,35.96465211201624,4369.837961106243,50,3.348162785607309,1
2026-01-18 22:15:00,1.3702266612080414,,5016.646529342458,110,4.790393268920521,1
2026-01-18 22:30:00,1.8694052404437516,14.895767540511866,4269.8797633799095,88,3.137979694401545,1
2026-01-18 22:45:00,1.8076837420065268,13.708996277162507,4318.848510752044,20,1.85177817915068,0
2026-01-18 23:00:00,1.0322806489777023,23.023721555564947,4365.611598465008,14,1.9315231184510364,0
2026-01-18 23:15:00,2.042991058087516,32.66190066539092,4135.558159233407,133,5.1275611215164325,1
2026-01-18 23:30:00,1.232018277442976,31.974988724060776,3837.5157671315246,296,8.011462265736288,1
2026-01-18 23:45:00,1.9040288991405725,36.5581716398708,4430.824080442916,34,3.238476883798596,1
2026-01-19 00:00:00,1.6836436567006703,18.402419773077533,4540.757827224497,208,5.851613378288024,1
2026-01-19 00:15:00,2.419091838397561,9.470849096248987,4484.2484794384045,301,7.278132316307041,1
2026-01-19 00:30:00,1.3882670088140738,34.86411356241716,4456.536431415634,199,6.157897377646805,1
2026-01-19 00:45:00,1.3253416019409012,21.374429816278123,4512.912261255116,80,3.3815314618636254,1
2026-01-19 01:00:00,1.4902901970561337,11.852097084890897,4806.852441465229,71,2.4832249959866317,0
2026-01-19 01:15:00,,29.160509967675054,4442.866144221235,155,5.150493225063905,1
2026-01-19 01:30:00,1.899970950971025,34.34540550574942,4327.7752268738195,78,4.110937666507573,1
2026-01-19 01:45:00,0.691844695781706,27.02354294302978,4415.662354533574,78,2.995289918346005,0
2026-01-19 02:00:00,0.973158790426823,24.337212910540085,4673.804027927033,172,4.872694374084067,1
2026-01-19 02:15:00,0.9660985392104035,26.725102142832746,4923.608063562975,289,7.629165956885489,1
2026-01-19 02:30:00,1.9751537959867878,25.03533790079374,4311.556878249246,33,2.604534046908928,0
2026-01-19 02:45:00,2.3553066862909624,17.215623104478663,4529.6801361086655,300,7.708340667763836,1
2026-01-19 03:00:00,1.4477753907312643,,4601.507232580788,276,7.161150270661421,1
2026-01-19 03:15:00,1.4155891384049948,32.17023924011052,4202.226597981353,7,2.217699413049592,0
2026-01-19 03:30:00,1.5350260815565906,30.573428331012,4506.125150163875,160,5.395308617041019,1
2026-01-19 03:45:00,2.0809391513040953,29.344478447734563,4060.2978427973712,240,6.981395827002682,1
2026-01-19 04:00:00,1.0363234329047128,20.038812145172965,3969.2849088781804,24,1.6998939276097862,0
2026-01-19 04:15:00,1.6191844913673925,26.54797470291466,4610.023922367677,214,6.370708183411769,1
2026-01-19 04:30:00,1.987598814891215,10.583479628457162,4384.837577600765,70,2.6109224307600476,0
2026-01-19 04:45:00,1.7505470849699227,29.427813311083117,4560.684122286366,216,6.4164076228754325,1
2026-01-19 05:00:00,1.5947908082993716,39.43086166250854,4494.631506897495,104,4.772445199907421,1
2026-01-19 05:15:00,2.0005230462835706,16.206942943663154,4207.079985400861,215,5.917580754538747,1
2026-01-19 05:30:00,0.1483838535003814,23.31257861345796,4486.423709410699,54,2.416216597934084,0
2026-01-19 05:45:00,1.8389376597654539,30.632854229681037,4130.069608495543,294,8.231731985888906,1
2026-01-19 06:00:00,1.1729621584362881,38.02274107541987,4917.29170740042,330,8.924978852579665,1
2026-01-19 06:15:00,0.5846835515717715,24.414203069598805,4093.2088965420107,336,8.276775562357251,1
2026-01-19 06:30:00,1.7556012997624904,22.46199736587283,4441.264418709426,203,5.902117702977944,1
2026-01-19 06:45:00,2.1868292725814786,12.248614860671335,4187.3185235858255,288,7.187323661197124,1
2026-01-19 07:00:00,1.431275742686154,28.827505034464853,4671.126352008238,45,2.9429257110945555,1
2026-01-19 07:15:00,1.9764372736014695,44.33660832114995,4400.570588615549,317,9.216459073513835,1
2026-01-19 07:30:00,2.3061391289943227,30.218867695717407,4344.399984113637,198,6.476783806631139,1
2026-01-19 07:45:00,2.157457226792024,27.821768166530294,4755.9604635154665,216,6.644483177878105,1
2026-01-19 08:00:00,2.3199822646856965,30.576658486135884,4508.829177503266,309,8.648861674329456,1
2026-01-19 08:15:00,1.8710637455359462,27.911263968411184,4654.993333780791,332,8.59216139414454,1
2026-01-19 08:30:00,1.5377168194507964,21.495885021918962,4205.60221904476,184,5.485321457588112,1
2026-01-19 08:45:00,0.6990170940514158,34.586239325421644,4078.554916821748,27,2.5926280723173947,0
2026-01-19 09:00:00,1.3769687559350257,29.806092184894034,4532.16238861204,166,5.358796276930924,1
2026-01-19 09:15:00,1.0783767023419042,28.14090601546926,4404.346093351581,318,8.180329333792322,1
2026-01-19 09:30:00,2.585471358748907,20.197071781774,4687.930401736183,274,7.470370209857704,1
2026-01-19 09:45:00,1.4120570937838317,38.428063455478075,4476.0274642012355,103,4.511778934035425,1
2026-01-19 10:00:00,1.5616024033922429,33.31762196266488,4561.522601770389,333,9.027443728779655,1
2026-01-19 10:15:00,1.7757426880202338,23.576633301061584,4012.985241017627,104,3.917456135972271,1
2026-01-19 10:30:00,1.5218012231862268,36.014598829455494,5066.531081884277,245,7.282020216467624,1
2026-01-19 10:45:00,2.3475255202153766,24.019433292918343,4450.727404490391,305,8.227222545101384,1
2026-01-19 11:00:00,1.188675319132774,21.743972059911705,4709.276091101759,169,4.932649004526689,1
2026-01-19 11:15:00,1.5973037276186213,21.922375060157705,4249.172498934112,116,3.9932590524326987,1
2026-01-19 11:30:00,1.1287647071509759,13.83145157529527,4592.402970665203,141,3.9460585172373137,0
2026-01-19 11:45:00,0.8399887443896471,31.772339043345646,4109.146570942577,356,9.078943844513256,1
2026-01-19 12:00:00,1.1941154545473573,13.350840973293199,4635.620351477901,125,3.5547077705034833,0
2026-01-19 12:15:00,1.4814816014757939,18.1724493498739,4393.207774684251,25,1.9846580463558163,0
2026-01-19 12:30:00,1.2853488877413701,11.395295927371734,4508.75715118067,194,5.157002772177245,1
2026-01-19 12:45:00,1.153789510063072,27.311442457672854,4709.39220903903,100,3.820773492888397,1
2026-01-19 13:00:00,0.7968412681640831,26.797436317825024,4130.237906633916,5,1.6655660186706867,0
2026-01-19 13:15:00,1.4584472136856526,25.386430294509086,4294.652480816161,19,2.127959218470431,0
2026-01-19 13:30:00,0.7476398129844989,19.65937844263539,4637.19728432603,170,4.5555053401223,1
2026-01-19 13:45:00,1.8800279818448014,18.62212997250688,5129.466442364024,274,7.32582934753049,1
2026-01-19 14:00:00,1.5412198764672516,31.714958908372594,4458.575299601555,254,7.383038134977165,1
2026-01-19 14:15:00,0.7712242502675347,23.5955845463321,4677.34083537718,121,3.7793064206811975,1
2026-01-19 14:30:00,1.3453954614750683,30.530866572289156,4467.908559042456,32,2.726072142638309,1
2026-01-19 14:45:00,1.1239217972047084,20.91801051100622,5082.67367842689,149,4.597952850302485,1
2026-01-19 15:00:00,1.6595872552095903,29.448501942168658,3975.8334999104236,266,7.452213188051522,1
2026-01-19 15:15:00,2.170225223011572,38.42622429852851,4528.386313400807,37,3.480239903858261,0
2026-01-19 15:30:00,0.5624137651771277,32.68932640314227,4012.3367899313816,177,5.6235217910758,1
2026-01-19 15:45:00,1.5575130395737087,24.700689454268158,3748.028528838985,342,8.507505206177006,1
2026-01-19 16:00:00,1.4199336022166797,30.05759176284742,4589.238615935345,13,2.594111106362058,1
2026-01-19 16:15:00,1.835670038225233,26.074678603758297,4541.8493388442375,183,5.704001866363659,1
2026-01-19 16:30:00,1.6065983141188447,28.063041477557825,4414.548918677339,145,5.074834412554881,1
2026-01-19 16:45:00,1.1240153341305905,25.39511158281197,4468.141772988074,265,6.899300394864602,1
2026-01-19 17:00:00,1.340473032166691,26.68531835291687,5429.489830221377,88,3.5578967007075892,0
2026-01-19 17:15:00,1.1019870715982556,29.6967468245934,4422.5474585905695,46,2.7376364955969925,0
2026-01-19 17:30:00,2.038003569299299,20.053130403344394,4653.037308375023,119,4.187754829986027,1
2026-01-19 17:45:00,1.5106558243359711,19.87296938408017,4305.190554115836,19,2.0086834129492734,1
2026-01-19 18:00:00,2.450595342876504,16.89165956935031,4588.569772512181,220,6.33150131527838,1
2026-01-19 18:15:00,1.4696695930926895,15.19783116397032,4428.529897483315,233,5.836613835598715,1
2026-01-19 18:30:00,1.1457966165447686,18.261738462236167,4376.844455181081,94,3.2670939635039247,1
2026-01-19 18:45:00,0.7431428036935864,29.275700054433035,5045.669559660098,251,6.870533010994017,1
2026-01-19 19:00:00,0.5984301618720275,20.857699876064927,4853.155488955302,250,6.39047565566849,1
2026-01-19 19:15:00,0.7079320284972551,32.10891571384877,4541.0239942197695,282,7.484566668928998,1
2026-01-19 19:30:00,1.6335633255057418,28.277709990020494,3808.7364192168097,232,6.664503209967009,1
2026-01-19 19:45:00,1.7543625116149668,12.25196629249557,4391.697233024229,46,2.2251408652872504,0
2026-01-19 20:00:00,0.7094046489839333,33.23980467377352,5310.908269321525,46,2.884357363723275,0
2026-01-19 20:15:00,1.9475191570380577,34.48638916473368,4430.801500008088,14,2.9135869022143983,1
2026-01-19 20:30:00,1.2584694741582803,20.049098601321173,4830.965271616097,85,3.0848331569836693,1
2026-01-19 20:45:00,1.5733965059927746,31.361532343159933,4932.58272058578,319,8.498809847194451,1
2026-01-19 21:00:00,2.306110314127712,21.148014100726407,4565.689174756792,328,8.406703699622863,1
2026-01-19 21:15:00,1.948419657932766,28.781363013986685,4247.4535104395545,3,2.321211422376275,0
2026-01-19 21:30:00,1.3657346760470839,17.884012744360277,3769.4063004651334,28,2.1106313268629857,1
2026-01-19 21:45:00,1.0544038872923562,13.655148379723386,4705.2489625826865,157,4.1024222984660845,1
2026-01-19 22:00:00,0.42409229933534753,24.93746248309625,4255.573199152936,343,8.28538037457857,1
2026-01-19 22:15:00,1.14042334037879,27.01016842980131,4552.845135566307,333,8.5695780816394,1
2026-01-19 22:30:00,1.3944348805861528,24.818562451083167,4125.053898123191,332,8.517156755083924,1
2026-01-19 22:45:00,1.006410236424408,18.527755534219523,4420.42873785894,175,4.906227257067256,1
2026-01-19 23:00:00,1.4343715164538478,24.800807502950903,4510.115716470316,114,3.97480143943976,1
2026-01-19 23:15:00,1.5384259414793842,30.154358020645873,4580.578074313289,331,8.82003171871586,1
2026-01-19 23:30:00,,27.640855759019704,4165.553343794276,250,6.918479039820868,1
2026-01-19 23:45:00,1.1749987095882701,29.460008244793706,4859.073284628405,59,3.230016077530421,1
2026-01-20 00:00:00,1.5843273359833638,22.639078396366138,4320.931564580409,203,5.870601509735127,1
2026-01-20 00:15:00,1.7209703247847046,37.37374331772928,3997.6591618640264,315,8.775525219469378,1
2026-01-20 00:30:00,0.954800461278577,,4467.292974010961,239,6.11933204544497,1
2026-01-20 00:45:00,2.205466189873135,31.90048237669375,4510.312592707938,234,7.239062200829182,1
2026-01-20 01:00:00,1.4507059338578692,37.455128743679694,4548.176829951528,303,8.462402403819317,1
2026-01-20 01:15:00,1.5094248114724238,31.847264741991165,4908.639721105524,95,4.109013360900623,1
2026-01-20 01:30:00,1.8541072116282786,26.37980618348136,4429.065348979242,141,4.746972236130481,1
2026-01-20 01:45:00,,23.773623626696168,4464.114112689369,334,8.570227601050576,1
2026-01-20 02:00:00,1.9765683169566226,36.28870120837005,4169.044685630072,113,4.859436015838547,1
2026-01-20 02:15:00,1.643562082600912,16.616200597906616,4746.166050866369,109,3.7596435021986485,0
2026-01-20 02:30:00,1.1937813126797812,20.239005916962853,4555.292719223431,362,8.781549501507794,1
2026-01-20 02:45:00,1.6807517626030508,24.819537876066228,4373.991681811751,345,8.77256027945071,1
2026-01-20 03:00:00,0.9281368963396691,37.90123006009598,3928.5975919603607,289,7.961679372705613,1
2026-01-20 03:15:00,1.5542798528882615,31.03814108832717,4933.323658516526,97,4.005978978839095,1
2026-01-20 03:30:00,1.4833850046777697,20.255633931918037,4131.696010663183,335,8.255393498522134,1
2026-01-20 03:45:00,1.3959415713637302,25.51753835692077,4322.616597189089,16,2.2429632166701063,1
2026-01-20 04:00:00,1.4357312442805346,23.085414847229643,4607.503353322801,44,2.4329365047032976,0
2026-01-20 04:15:00,0.5590754772511805,22.32168806213172,4141.032621414994,230,5.836142116243166,0
2026-01-20 04:30:00,,35.83111646845423,4051.947066524057,108,4.527710784540224,1
2026-01-20 04:45:00,1.5464224505705573,17.026054965891955,3862.8157251898006,217,5.942766955497961,1
2026-01-20 05:00:00,1.5799281959987002,,4716.299085871691,260,7.777167752370857,1
2026-01-20 05:15:00,0.9861624295370209,34.62583752147698,4336.444126582103,312,8.261075940610501,1
2026-01-20 05:30:00,2.1328539204323502,36.726893364829586,5378.181027741999,320,9.23020226037161,1
2026-01-20 05:45:00,1.0669125758927496,24.296483903797935,4201.693480310738,196,5.549229783590259,1
2026-01-20 06:00:00,1.9847286002633684,26.800474247367124,4223.564692971324,95,3.9444609145609886,0
2026-01-20 06:15:00,1.7135971809358423,16.534785483802303,4330.382108914379,56,2.736639935503314,0
2026-01-20 06:30:00,1.1768863450780984,23.802700743465575,4572.940396541547,32,2.3512376548649185,0
2026-01-20 06:45:00,,31.94923878114521,4358.938998364407,231,7.246189520242694,1
2026-01-20 07:00:00,0.90318158412176,38.36850449425117,4683.699664200753,9,2.3754539001852946,1
2026-01-20 07:15:00,1.9595770868050009,19.142745465580386,4206.423483003404,191,5.598450642108951,1
2026-01-20 07:30:00,2.000291159021489,25.075952504117872,4085.5224844609256,361,9.398542704906806,1
2026-01-20 07:45:00,1.1646898954616776,26.78960623813982,3960.535578177268,200,5.869435706156485,1
2026-01-20 08:00:00,2.1962326500321643,16.83368638246012,3832.927749618841,334,8.492164370971182,1
2026-01-20 08:15:00,1.3749767427005235,32.7307939340672,4344.579294157483,161,5.546844648779859,0
2026-01-20 08:30:00,1.6443468146399285,22.208077346059127,4409.7059062820335,87,3.550909565134463,0
2026-01-20 08:45:00,1.6301609193856104,26.436877190583807,4310.568891755045,21,2.3373961345451844,1
2026-01-20 09:00:00,1.432845629264726,24.38440502470498,4873.021739156148,311,8.100069618294336,1
2026-01-20 09:15:00,1.905404136579891,21.685291954242604,4868.409062882441,76,3.255855717254024,0
2026-01-20 09:30:00,1.8967443602761065,27.943640116155564,4399.559103766649,141,4.95364780053045,1
2026-01-20 09:45:00,0.6257340133809096,26.27512337145582,3961.823666042411,126,4.142857696838071,0
2026-01-20 10:00:00,2.1521701214390765,25.025136941770675,4329.988467583484,251,6.810387006735203,1
2026-01-20 10:15:00,0.6687540059821628,22.172307026557256,4320.053581824882,84,3.081363290255375,1
2026-01-20 10:30:00,2.0162731021708287,30.556197366263643,4302.859511316583,48,3.324281716374295,1
2026-01-20 10:45:00,2.0633525684137917,41.22893814793828,4290.684328830526,78,4.333194442606204,1
2026-01-20 11:00:00,0.9545167848924009,29.11909786271302,4303.961131282558,30,2.4703476662675428,0
2026-01-20 11:15:00,1.2945928560227076,35.96894571928903,4384.037515230672,285,8.035279278499141,1
2026-01-20 11:30:00,0.9471476657570321,16.8782245987723,4309.337670355333,136,3.9461674742797923,0
2026-01-20 11:45:00,1.3925394848556323,29.262091514350157,4562.496752587677,140,4.939063750035946,1
2026-01-20 12:00:00,1.3459828579071293,19.221053448231466,4608.110614771458,41,2.407336751226145,0
2026-01-20 12:15:00,1.88983026613467,16.18460057974479,4226.806473845253,282,7.269160420512441,1
2026-01-20 12:30:00,2.155154373059804,22.085028740327708,4881.31959780211,50,2.863891033316021,0
2026-01-20 12:45:00,2.197841905394978,37.53519467530858,4205.981309447816,258,7.914162362405049,1
2026-01-20 13:00:00,1.218915986710849,35.60012662935716,4014.659815855399,311,8.606016200122788,1
2026-01-20 13:15:00,1.3953890631277361,29.9440377764352,4614.233421409515,360,9.233891331904726,1
2026-01-20 13:30:00,0.6582809038895249,15.738395520880553,4254.777559675698,270,6.605658339541195,1
2026-01-20 13:45:00,1.0970649667519057,26.429754788896506,4596.387441227216,134,4.507233066785738,0
2026-01-20 14:00:00,1.9824258165487287,30.413600071213885,3778.899419669841,234,7.16460638646941,1
2026-01-20 14:15:00,2.307791411774116,29.404289836628784,4917.73678244492,128,4.846597834242606,1
2026-01-20 14:30:00,0.882825564060039,13.249651332154034,4701.6880224121205,104,3.080147038369247,1
2026-01-20 14:45:00,1.2037678704235528,20.877457215841027,4049.8570352510997,254,6.599366906660667,1
2026-01-20 15:00:00,1.4867971215205364,27.48737788681027,4056.366862846114,95,3.929705073592248,0
2026-01-20 15:15:00,1.6400805794098035,32.29032727613752,5001.679771229258,337,8.936688837382547,1
2026-01-20 15:30:00,1.0951982400391769,10.430977431200429,4278.7860289506125,217,5.138867463572044,1
2026-01-20 15:45:00,1.7120305222320449,26.703008196161132,4249.744545380213,61,3.2777823893987206,0
2026-01-20 16:00:00,1.263080326464542,29.14439015903162,3820.184371755215,268,7.285804313745391,1
2026-01-20 16:15:00,1.4927738645608604,34.796895908129706,4394.7665383195335,241,7.109884637050812,1
2026-01-20 16:30:00,1.7731421240018497,33.5428606738995,4431.684115549274,13,2.5771189917595883,0
2026-01-20 16:45:00,1.5032111349054689,32.66057055047044,4714.647929030845,147,5.1867018572707835,1
2026-01-20 17:00:00,1.2818070547367157,21.600475946384528,4080.2764715446574,240,6.285060866318498,1
2026-01-20 17:15:00,1.4451950980370847,12.73598290301354,4043.913962327817,89,2.9754576096620418,0
2026-01-20 17:30:00,1.4558185203973324,24.85557794350879,4635.288790432943,95,3.642235007175591,0
2026-01-20 17:45:00,1.3149944850589361,36.01305460166848,4802.01902136812,315,8.565732782708356,1
2026-01-20 18:00:00,1.3706019686664488,39.14763622019545,4028.654294664635,293,8.401003616953648,1
2026-01-20 18:15:00,2.2993235852523584,33.684392818382285,4824.454225889923,25,3.1690900612303374,1
2026-01-20 18:30:00,1.7804597239706195,31.434726582413873,4511.262552446046,272,7.693309726045098,1
2026-01-20 18:45:00,1.3522598409854198,31.037117187087723,4827.541601722393,166,5.509542835099108,0
2026-01-20 19:00:00,1.848477202255368,23.551050025913757,4478.933891544715,250,6.819672023104124,1
2026-01-20 19:15:00,1.333090255121995,26.95951765157104,3743.3166247536146,87,3.469222124127318,1
2026-01-20 19:30:00,2.0865623187933204,41.35255620661065,4454.409785305188,142,5.60862021919628,1
2026-01-20 19:45:00,1.6848210960990468,20.45953595366499,4818.043145601381,134,4.269364556911484,1
2026-01-20 20:00:00,1.4463489279978856,40.91823032567881,4231.876194274886,279,8.073161764071466,1
2026-01-20 20:15:00,1.7238584629051388,25.423774764063534,4383.610509327765,126,4.682847515154857,1
2026-01-20 20:30:00,0.7145619239657504,38.60345687276063,4447.159948934706,316,8.380975534464689,1
2026-01-20 20:45:00,0.9366162655450974,16.745479924019694,3630.1458360394554,141,4.125663392758715,1
2026-01-20 21:00:00,0.9030374968004723,32.68723360931719,5001.404272631243,356,9.113063794275321,1
2026-01-20 21:15:00,1.5714715473818535,22.105838912419024,4229.587296030848,103,3.816340611265484,1
2026-01-20 21:30:00,2.366257499742546,16.6778624646065,4651.72062974184,226,6.209823151856297,1
2026-01-20 21:45:00,2.615650073096316,29.748272339287567,4473.989659155537,63,3.826218918692373,0
2026-01-20 22:00:00,1.8190255507203785,36.07577430876775,4877.285716907808,294,8.320007080219469,1
2026-01-20 22:15:00,1.7504222374722285,21.24046849125203,4621.816836728424,306,7.974468937754337,1
2026-01-20 22:30:00,0.5994711329236305,16.00787231633279,4429.522718543708,254,6.220733416771515,1
2026-01-20 22:45:00,1.228663100132989,27.26524188532036,4231.945472244216,180,5.441241140632622,0
2026-01-20 23:00:00,1.1061081240458805,27.30051736978255,4739.355210414642,40,2.6005327075720523,0
2026-01-20 23:15:00,1.189576200874442,32.38655702043599,3937.967608813615,264,7.41843072131426,1
2026-01-20 23:30:00,1.4159280907076053,35.59675657091591,4693.767126082767,189,6.164370007634616,1
2026-01-20 23:45:00,,27.52467854982005,4170.286574533538,8,2.144230449264939,1
2026-01-21 00:00:00,0.5103500948121061,42.844026518354106,4875.685098586992,104,4.525925956363578,1
2026-01-21 00:15:00,1.873955128058767,29.793877956282333,4548.389862798808,225,6.736391855969712,1
2026-01-21 00:30:00,0.9636284871300967,25.228587951944803,4693.237130355033,34,2.279158343953785,0
2026-01-21 00:45:00,1.6196234320555747,15.107461127177377,4524.596644147416,236,6.204384407967246,1
2026-01-21 01:00:00,2.5370413348749867,25.89872383747066,3974.2868714577007,228,6.854124150934785,1
2026-01-21 01:15:00,1.0403077042067883,25.30890443671091,4241.781250981398,188,5.452942697746914,1
2026-01-21 01:30:00,0.23485623862683513,35.68243837025176,4701.7168012834145,313,8.191096036348432,1
2026-01-21 01:45:00,1.3569978890599446,31.69986899253483,4549.996745207954,22,2.6653483024582556,0
2026-01-21 02:00:00,2.0504798174992853,18.565047026939062,4854.296971591702,343,8.634529092537496,1
2026-01-21 02:15:00,2.4791737271102967,29.3780350912883,4620.982368911152,40,3.2018514508211453,0
2026-01-21 02:30:00,0.8852252027737916,33.372249373832425,4209.989432789202,173,5.662403584187583,1
2026-01-21 02:45:00,1.7483496116182609,40.22425087510266,4261.1807586838095,179,6.443586569556778,1
2026-01-21 03:00:00,1.2673447716099733,35.10003173931248,4530.875217156971,86,3.8801391598843638,1
2026-01-21 03:15:00,1.4470258228479322,34.08677323449182,3805.7867801999682,133,4.851971833171327,1
2026-01-21 03:30:00,2.8221716735085174,28.480687956921308,5002.032565686895,351,9.494301719063566,1
2026-01-21 03:45:00,0.7485148358024234,31.106496043387597,4632.524020913267,13,2.1995858256618304,0
2026-01-21 04:00:00,1.6268698307472866,37.99603920564927,4868.110379114662,28,3.294064211753728,1
2026-01-21 04:15:00,1.7338465858827166,17.337780820162802,4025.8188177572492,84,3.189800348644105,0
2026-01-21 04:30:00,2.0428931624696736,25.20448538226435,4873.369548106577,318,8.454308369892644,1
2026-01-21 04:45:00,1.5489915767354476,21.819450009950074,5169.449673308324,349,8.61530854516509,1
2026-01-21 05:00:00,1.6540252697520512,31.033224949808993,4103.736493386805,343,9.243290631879566,1
2026-01-21 05:15:00,1.3041757162891043,37.8417774052063,4731.42053847113,280,8.096241990963605,1
2026-01-21 05:30:00,1.6345634706225536,23.22420570623141,4500.332983406188,354,8.812572117170205,1
2026-01-21 05:45:00,1.3284038622512948,8.877565060244496,4036.669845525527,263,6.025005686817507,1
2026-01-21 06:00:00,1.8107859449280255,24.70223403980424,4647.865191555561,166,5.383184785737579,1
2026-01-21 06:15:00,1.315194831978183,35.30778985613925,4750.0809614512045,293,8.094218944976793,1
2026-01-21 06:30:00,1.6885501969510932,32.301039223599034,4319.662034199346,68,3.734745256881482,0
2026-01-21 06:45:00,1.485368593157511,31.42548998248461,4849.774956076567,226,6.714790970072277,1
2026-01-21 07:00:00,2.0630251253860843,25.76005358500416,3999.970977963241,170,5.329783126132236,1
2026-01-21 07:15:00,1.474303138205757,17.76775411024171,4051.5731560651066,86,3.1174312876136856,1
2026-01-21 07:30:00,0.6134837658965593,32.12235457299574,4540.979218676625,133,4.476096766279802,1
2026-01-21 07:45:00,2.130960750356996,21.325745519723,4507.615583391682,178,5.411092577203815,1
2026-01-21 08:00:00,1.0471338495686906,45.47277386704365,4285.027953472769,343,9.564109061668198,1
2026-01-21 08:15:00,1.1731168306755901,32.56405766683613,4742.8783307915655,252,7.1775877602271745,1
2026-01-21 08:30:00,,23.354813579568393,4659.268294264784,15,2.1275444139204294,0
2026-01-21 08:45:00,2.1872190465854087,23.108918020890975,4757.441721280205,223,6.537554867366359,1
2026-01-21 09:00:00,0.43216289301065225,,4463.0590693943195,201,5.704797581130815,1
2026-01-21 09:15:00,3.068874266829997,26.083984623826,4680.774080393502,107,4.62406725936917,1
2026-01-21 09:30:00,2.0280284045330257,36.93467020423964,4366.304909091002,250,7.774466213376559,1
2026-01-21 09:45:00,1.6116194570645799,29.49132935795237,5116.145607025978,89,3.861094441674458,1
2026-01-21 10:00:00,1.4725529996918567,22.146946088731774,4256.236268963405,125,4.104666824165769,1
2026-01-21 10:15:00,1.6427770374288284,43.12352548124626,5131.5892288374935,113,4.977359413212722,1
2026-01-21 10:30:00,1.7605612141896692,28.394466652161782,4510.466384126823,137,4.599752292429611,1
2026-01-21 10:45:00,1.8226077929750284,34.15071740775117,4087.3467331293773,247,7.461987249871586,1
2026-01-21 11:00:00,1.7778022330017242,23.134187940441926,4910.42380514658,166,5.0588107865887855,1
2026-01-21 11:15:00,1.5447903406276244,30.90492502195619,4537.770416518488,150,5.303976910810231,1
2026-01-21 11:30:00,1.401330789846337,30.48887992914556,4755.337229514072,363,9.327554262163758,1
2026-01-21 11:45:00,1.4243633581732442,12.882805663230776,4867.156775562778,343,7.91839915161736,1
2026-01-21 12:00:00,1.4025458598236595,44.122200883685124,4601.3866662435075,68,4.015355371809673,0
2026-01-21 12:15:00,2.0668850484335324,38.325155687380374,4322.327746556156,221,7.1820752979738645,1
2026-01-21 12:30:00,1.7967783611404309,24.8224374708321,4792.714013300775,271,7.19183747074339,1
2026-01-21 12:45:00,0.02980568266785988,19.181842076353156,4500.226652236379,321,7.450008877580238,1
2026-01-21 13:00:00,1.8279503882648804,30.780492910428414,4705.757345582526,310,8.318571572021428,1
2026-01-21 13:15:00,1.5973680973593873,28.693581595315173,3853.8808278625615,349,8.979728685523062,1
2026-01-21 13:30:00,1.4906456217770514,30.845351588505835,4634.0945151029555,20,2.558397861673601,1
2026-01-21 13:45:00,1.305740773455557,29.532619169552717,4308.424252456491,289,7.825688336877179,1
2026-01-21 14:00:00,2.0620563599930066,32.04992791444741,4995.992891153559,100,4.507090919345667,1
2026-01-21 14:15:00,1.973763231061429,39.578445595134454,4686.926204366729,252,7.677772970829985,0
2026-01-21 14:30:00,1.1135611660881954,32.54482564102917,4571.957323754789,77,3.5818204691855193,1
2026-01-21 14:45:00,1.7035261435622675,19.60275600872047,4645.892998005066,135,4.470848208059343,1
2026-01-21 15:00:00,1.014171632729357,38.90050282169962,4200.467744136985,173,5.779872597575111,1
2026-01-21 15:15:00,0.8101909176055347,41.1249165079063,4986.977007158416,363,9.669749637557974,1
2026-01-21 15:30:00,1.1866413877050175,53.21645387609668,5097.411125525072,201,7.171723174731248,1
2026-01-21 15:45:00,1.9311967361913793,19.012047734083218,4617.874053164465,217,6.1932047963098285,1
2026-01-21 16:00:00,1.9765625226880434,29.9430561052022,4977.121070572091,208,6.401186894917766,1
2026-01-21 16:15:00,1.7565427100486466,11.343210374488102,4329.25554039824,74,2.61078270987356,0
2026-01-21 16:30:00,1.8625478934239985,32.425193251033676,4260.865930132506,11,2.4894916309076933,1
2026-01-21 16:45:00,1.7580891435574793,23.61439761466582,4512.277424618677,287,7.642839936154635,1
2026-01-21 17:00:00,1.1792592023885238,43.38756635859963,4630.48231151037,256,7.604127924252386,1
2026-01-21 17:15:00,1.7159612723369704,21.803080239851344,4381.803995627064,12,1.9620971224206079,0
2026-01-21 17:30:00,,14.486535696261907,4661.3304571105455,78,3.051950329156052,1
2026-01-21 17:45:00,1.877145664906787,24.229890074379842,4591.916844622025,172,5.325693559217367,1
2026-01-21 18:00:00,2.0944566857373212,12.1960978302629,4200.507967412684,96,3.400272890583407,1
2026-01-21 18:15:00,1.854151923600532,34.00879563605848,4655.637905235516,306,8.634541727477966,1
2026-01-21 18:30:00,1.6757241037707915,11.479335629949436,4759.0584727564565,273,6.749747283001056,1
2026-01-21 18:45:00,2.035075119158214,28.22766064946527,4551.440795277117,179,5.650662584131327,0
2026-01-21 19:00:00,1.4867393703754699,11.377505441150426,4845.794430978508,64,2.4514892389646725,0
2026-01-21 19:15:00,1.059062674386141,25.437617563706866,4134.778861950915,132,4.351250178623675,1
2026-01-21 19:30:00,1.418466518028118,,4640.385126639556,343,9.446644857711812,1
2026-01-21 19:45:00,1.1275486775967756,,4148.915788080967,272,7.466609728898666,1
